Workbook

Sheet N32
A1: Datos de entrada
A2: Alfa -grad | B2: -0.66655153 | C2: INPUT
A3: Alfa - rad | B3: =(B2*PI())/180 -> -0.011633519 | E3: NOTA IMPORTANTE
A4: Cuerda | B4: 1 | C4: INPUT | E4: SI SE MODIFICAN EL NÚMERO TOTAL DE PANELES HABRÁ QUE AMPLIAR O REDUCIR LAS COLUMNAS DE DATOS - PREFERIBLEMENTE AMPLIARLAS PARA MAYOR PRECISIÓN
A5: Numero paneles | B5: 32 | C5: INPUT | E5: SI SE MODIFICAN LOS VALORES DE Xf ó Ca HABRÁ QUE MODIFICAR LAS COLUMNAS DE COORDENADAS PARA LOS DATOS DE LA LM TANTO LOS PC COMO NODOS.
A6: L panel | B6: =B4/B5 -> 0.03125
A7: Ca | B7: 0.3 | C7: INPUT
A8: Xf | B8: 0.2 | C8: INPUT
A9: delta e - grad | B9: 0 | C9: INPUT
A10: delta e - rad | B10: =(B9*PI())/180 -> 0
A11: f | B11: 0.04 | C11: INPUT
A12: NO TOCAR NINGÚN VALOR DE AQUÍ PARA ABAJO | BC12: Con -1 sale bastante preciso | BF12: MATRIZ A
CM13: Matriz A invertida
A14: MODIFICAR INPUTS, RESTO CAMBIA SOLO | W14: 1 | X14: 2 | Y14: 3 | Z14: 4 | AA14: 5 | AB14: 6 | AC14: 7 | AD14: 8 | AE14: 9 | AF14: 10 | AG14: 11 | AH14: 12 | AI14: 13 | AJ14: 14 | AK14: 15 | AL14: 16 | AM14: 17 | AN14: 18 | AO14: 19 | AP14: 20 | AQ14: 21 | AR14: 22 | AS14: 23 | AT14: 24 | AU14: 25 | AV14: 26 | AW14: 27 | AX14: 28 | AY14: 29 | AZ14: 30 | BA14: 31 | BB14: 32 | BC14: ????????? | BF14: 1 | BG14: 2 | BH14: 3 | BI14: 4 | BJ14: 5 | BK14: 6 | BL14: 7 | BM14: 8 | BN14: 9 | BO14: 10 | BP14: 11 | BQ14: 12 | BR14: 13 | BS14: 14 | BT14: 15 | BU14: 16 | BV14: 17 | BW14: 18 | BX14: 19 | BY14: 20 | BZ14: 21 | CA14: 22 | CB14: 23 | CC14: 24 | CD14: 25 | CE14: 26 | CF14: 27 | CG14: 28 | CH14: 29 | CI14: 30 | CJ14: 31 | CK14: 32
V15: lj | W15: r(i,j) | X15: r(i,j) | Y15: r(i,j) | Z15: r(i,j) | AA15: r(i,j) | AB15: r(i,j) | AC15: r(i,j) | AD15: r(i,j) | AE15: r(i,j) | AF15: r(i,j) | AG15: r(i,j) | AH15: r(i,j) | AI15: r(i,j) | AJ15: r(i,j) | AK15: r(i,j) | AL15: r(i,j) | AM15: r(i,j) | AN15: r(i,j) | AO15: r(i,j) | AP15: r(i,j) | AQ15: r(i,j) | AR15: r(i,j) | AS15: r(i,j) | AT15: r(i,j) | AU15: r(i,j) | AV15: r(i,j) | AW15: r(i,j) | AX15: r(i,j) | AY15: r(i,j) | AZ15: r(i,j) | BA15: r(i,j) | BB15: r(i,j) | CM15: 1 | CN15: 2 | CO15: 3 | CP15: 4 | CQ15: 5 | CR15: 6 | CS15: 7 | CT15: 8 | CU15: 9 | CV15: 10 | CW15: 11 | CX15: 12 | CY15: 13 | CZ15: 14 | DA15: 15 | DB15: 16 | DC15: 17 | DD15: 18 | DE15: 19 | DF15: 20 | DG15: 21 | DH15: 22 | DI15: 23 | DJ15: 24 | DK15: 25 | DL15: 26 | DM15: 27 | DN15: 28 | DO15: 29 | DP15: 30 | DQ15: 31 | DR15: 32
B16: Numero de paneles | E16: xNodo_sinAlerón | F16: zNodo_sinAlerón | G16: zNodo_conAlerón | H16: xci_sinAlerón | I16: xci_conAlerón | J16: zci_sinAlerón | K16: zci_conAlerón | L16: (dz/dx)i_sinAlerón | M16: (dz/dx)i_conAlerón | P16: bi_sinAlerón | Q16: bi_conAlerón | V16: =E18-E17 -> 0.03125 | W16: =H17-E17 -> 0.015625 | X16: =H17-E18 -> -0.015625 | Y16: =H17-E19 -> -0.046875 | Z16: =H17-E20 -> -0.078125 | AA16: =H17-E21 -> -0.109375 | AB16: =H17-E22 -> -0.140625 | AC16: =H17-E23 -> -0.171875 | AD16: =H17-E24 -> -0.203125 | AE16: =H17-E25 -> -0.234375 | AF16: =H17-E26 -> -0.265625 | AG16: =H17-E27 -> -0.296875 | AH16: =H17-E28 -> -0.328125 | AI16: =H17-E29 -> -0.359375 | AJ16: =H17-E30 -> -0.390625 | AK16: =H17-E31 -> -0.421875 | AL16: =H17-E32 -> -0.453125 | AM16: =H17-E33 -> -0.484375 | AN16: =H17-E34 -> -0.515625 | AO16: =H17-E35 -> -0.546875 | AP16: =H17-E36 -> -0.578125 | AQ16: =H17-E37 -> -0.609375 | AR16: =H17-E38 -> -0.640625 | AS16: =H17-E39 -> -0.671875 | AT16: =H17-E40 -> -0.703125 | AU16: =H17-E41 -> -0.734375 | AV16: =H17-E42 -> -0.765625 | AW16: =H17-E43 -> -0.796875 | AX16: =H17-E44 -> -0.828125 | AY16: =H17-E45 -> -0.859375 | AZ16: =H17-E46 -> -0.890625 | BA16: =H17-E47 -> -0.921875 | BB16: =H17-E48 -> -0.953125 | BC16: =H17-$E$49 -> -0.984375 | BE16: 1 | BF16: =BZ82+AO82 -> -1 | BG16: =CA82+AP82 -> 1.6479184 | BH16: =CB82+AQ82 -> 0.72775792 | BI16: =CC82+AR82 -> 0.41141439 | BJ16: =CD82+AS82 -> 0.28973434 | BK16: =CE82+AT82 -> 0.22408833 | BL16: =CF82+AU82 -> 0.18283342 | BM16: =CG82+AV82 -> 0.15445886 | ... CK16: =DE82+BT82 -> 0.032792762 | CL16: 1 | CM16: {=MINVERSE(BF16:CK47)} -> -0.6329062 | CN16: -0.2747758 | CO16: -0.22347995 | CP16: -0.19052901 | CQ16: -0.17044941 | CR16: -0.15664807 | CS16: -0.1466188 | CT16: -0.13905955 | CU16: -0.13323431 | CV16: -0.12869393 | CW16: -0.12514966 | CX16: -0.12240906 | CY16: -0.12034133 | CZ16: -0.11885734 | DA16: -0.11789791 | DB16: -0.11742681 | DC16: -0.11742681 | DD16: -0.11789791 | DE16: -0.11885734 | DF16: -0.12034133 | DG16: -0.12240906 | DH16: -0.12514966 | DI16: -0.12869393 | DJ16: -0.13323431 | DK16: -0.13905955 | DL16: -0.1466188 | DM16: -0.15664807 | DN16: -0.17044941 | DO16: -0.19052901 | DP16: -0.22347995 | DQ16: -0.2747758 | DR16: -0.6329062
B17: 1 | E17: 0 | F17: =($B$11/$B$8^2)*(2*E17*$B$8-E17^2) -> 0 | G17: =($B$11/$B$8^2)*(2*E17*$B$8-E17^2) -> 0 | H17: =(E18+E17)/2 -> 0.015625 | I17: =(E18+E17)/2 -> 0.015625 | J17: =(F18+F17)/2 -> 0.0057617187 | K17: =(G18+G17)/2 -> 0.0057617187 | L17: =((2*$B$11)/$B$8)-(2*$B$11*H17)/$B$8^2 -> 0.36875 | M17: =((2*$B$11)/$B$8)-(2*$B$11*H17)/$B$8^2 -> 0.36875 | O17: 1 | P17: =-2*PI()*($B$3-L17) -> 2.3900201 | Q17: =-2*PI()*($B$3-M17) -> 2.3900201 | V17: =E19-E18 -> 0.03125 | W17: =H18-E17 -> 0.046875 | X17: =H18-E18 -> 0.015625 | Y17: =H18-E19 -> -0.015625 | Z17: =H18-E20 -> -0.046875 | AA17: =H18-E21 -> -0.078125 | AB17: =H18-E22 -> -0.109375 | AC17: =H18-E23 -> -0.140625 | AD17: =H18-E24 -> -0.171875 | AE17: =H18-E25 -> -0.203125 | AF17: =H18-E26 -> -0.234375 | AG17: =H18-E27 -> -0.265625 | AH17: =H18-E28 -> -0.296875 | AI17: =H18-E29 -> -0.328125 | AJ17: =H18-E30 -> -0.359375 | AK17: =H18-E31 -> -0.390625 | AL17: =H18-E32 -> -0.421875 | AM17: =H18-E33 -> -0.453125 | AN17: =H18-E34 -> -0.484375 | AO17: =H18-E35 -> -0.515625 | AP17: =H18-E36 -> -0.546875 | AQ17: =H18-E37 -> -0.578125 | AR17: =H18-E38 -> -0.609375 | AS17: =H18-E39 -> -0.640625 | AT17: =H18-E40 -> -0.671875 | AU17: =H18-E41 -> -0.703125 | AV17: =H18-E42 -> -0.734375 | AW17: =H18-E43 -> -0.765625 | AX17: =H18-E44 -> -0.796875 | AY17: =H18-E45 -> -0.828125 | AZ17: =H18-E46 -> -0.859375 | BA17: =H18-E47 -> -0.890625 | BB17: =H18-E48 -> -0.921875 | BC17: =H18-$E$49 -> -0.953125 | BE17: 2 | BF17: =BZ83+AO83 -> -0.45069386 | BG17: =CA83+AP83 -> -1.6479184 | BH17: =CB83+AQ83 -> 1.6479184 | BI17: =CC83+AR83 -> 0.72775792 | BJ17: =CD83+AS83 -> 0.41141439 | BK17: =CE83+AT83 -> 0.28973434 | BL17: =CF83+AU83 -> 0.22408833 | BM17: =CG83+AV83 -> 0.18283342 | ... CK17: =DE83+BT83 -> 0.0339048 | CL17: 2 | CM17: 0.20578151 | CN17: -0.2828823 | CO17: -0.089040705 | CP17: -0.069638042 | CQ17: -0.056835008 | CR17: -0.049559022 | CS17: -0.044749668 | CT17: -0.041357677 | CU17: -0.038857685 | CV17: -0.036963866 | CW17: -0.03550702 | CX17: -0.034381063 | CY17: -0.033516757 | CZ17: -0.03286781 | DA17: -0.032403116 | DB17: -0.032102248 | DC17: -0.031952828 | DD17: -0.031949074 | DE17: -0.032091169 | DF17: -0.03238531 | DG17: -0.03284446 | DH17: -0.033489994 | DI17: -0.034354642 | DJ17: -0.03548762 | DK17: -0.036963681 | DL17: -0.038899884 | DM17: -0.041488776 | DN17: -0.04507169 | DO17: -0.050306375 | DP17: -0.058924458 | DQ17: -0.072362504 | DR17: -0.1664407
B18: 2 | E18: =$B$6*B17 -> 0.03125 | F18: =($B$11/$B$8^2)*(2*E18*$B$8-E18^2) -> 0.011523437 | G18: =($B$11/$B$8^2)*(2*E18*$B$8-E18^2) -> 0.011523437 | H18: =(E19+E18)/2 -> 0.046875 | I18: =(E19+E18)/2 -> 0.046875 | J18: =(F19+F18)/2 -> 0.016308594 | K18: =(G19+G18)/2 -> 0.016308594 | L18: =((2*$B$11)/$B$8)-(2*$B$11*H18)/$B$8^2 -> 0.30625 | M18: =((2*$B$11)/$B$8)-(2*$B$11*H18)/$B$8^2 -> 0.30625 | O18: 2 | P18: =-2*PI()*($B$3-L18) -> 1.9973211 | Q18: =-2*PI()*($B$3-M18) -> 1.9973211 | V18: =E20-E19 -> 0.03125 | W18: =H19-E17 -> 0.078125 | X18: =H19-E18 -> 0.046875 | Y18: =H19-E19 -> 0.015625 | Z18: =H19-E20 -> -0.015625 | AA18: =H19-E21 -> -0.046875 | AB18: =H19-E22 -> -0.078125 | AC18: =H19-E23 -> -0.109375 | AD18: =H19-E24 -> -0.140625 | AE18: =H19-E25 -> -0.171875 | AF18: =H19-E26 -> -0.203125 | AG18: =H19-E27 -> -0.234375 | AH18: =H19-E28 -> -0.265625 | AI18: =H19-E29 -> -0.296875 | AJ18: =H19-E30 -> -0.328125 | AK18: =H19-E31 -> -0.359375 | AL18: =H19-E32 -> -0.390625 | AM18: =H19-E33 -> -0.421875 | AN18: =H19-E34 -> -0.453125 | AO18: =H19-E35 -> -0.484375 | AP18: =H19-E36 -> -0.515625 | AQ18: =H19-E37 -> -0.546875 | AR18: =H19-E38 -> -0.578125 | AS18: =H19-E39 -> -0.609375 | AT18: =H19-E40 -> -0.640625 | AU18: =H19-E41 -> -0.671875 | AV18: =H19-E42 -> -0.703125 | AW18: =H19-E43 -> -0.734375 | AX18: =H19-E44 -> -0.765625 | AY18: =H19-E45 -> -0.796875 | AZ18: =H19-E46 -> -0.828125 | BA18: =H19-E47 -> -0.859375 | BB18: =H19-E48 -> -0.890625 | BC18: =H19-$E$49 -> -0.921875 | BE18: 3 | BF18: =BZ84+AO84 -> -0.23376156 | BG18: =CA84+AP84 -> -0.72775792 | BH18: =CB84+AQ84 -> -1.6479184 | BI18: =CC84+AR84 -> 1.6479184 | BJ18: =CD84+AS84 -> 0.72775792 | BK18: =CE84+AT84 -> 0.41141439 | BL18: =CF84+AU84 -> 0.28973434 | BM18: =CG84+AV84 -> 0.22408833 | ... CK18: =DE84+BT84 -> 0.035094923 | CL18: 3 | CM18: 0.02109002 | CN18: 0.2197784 | CO18: -0.27337827 | CP18: -0.081049431 | CQ18: -0.062588428 | CR18: -0.050418757 | CS18: -0.043602734 | CT18: -0.039143076 | CU18: -0.036025465 | CV18: -0.033745571 | CW18: -0.032031084 | CX18: -0.030721939 | CY18: -0.029718487 | CZ18: -0.028956182 | DA18: -0.028392285 | DB18: -0.027998477 | DC18: -0.027756628 | DD18: -0.02765638 | DE18: -0.027693888 | DF18: -0.027871401 | DG18: -0.0281976 | DH18: -0.028688774 | DI18: -0.029371176 | DJ18: -0.030285252 | DK18: -0.031493208 | DL18: -0.033093115 | DM18: -0.035246878 | DN18: -0.038242084 | DO18: -0.042633478 | DP18: -0.049882481 | DQ18: -0.061200819 | DR18: -0.14061239
B19: 3 | E19: =$B$6*B18 -> 0.0625 | F19: =($B$11/$B$8^2)*(2*E19*$B$8-E19^2) -> 0.02109375 | G19: =($B$11/$B$8^2)*(2*E19*$B$8-E19^2) -> 0.02109375 | H19: =(E20+E19)/2 -> 0.078125 | I19: =(E20+E19)/2 -> 0.078125 | J19: =(F20+F19)/2 -> 0.024902344 | K19: =(G20+G19)/2 -> 0.024902344 | L19: =((2*$B$11)/$B$8)-(2*$B$11*H19)/$B$8^2 -> 0.24375 | M19: =((2*$B$11)/$B$8)-(2*$B$11*H19)/$B$8^2 -> 0.24375 | O19: 3 | P19: =-2*PI()*($B$3-L19) -> 1.604622 | Q19: =-2*PI()*($B$3-M19) -> 1.604622 | V19: =E21-E20 -> 0.03125 | W19: =H20-E17 -> 0.109375 | X19: =H20-E18 -> 0.078125 | Y19: =H20-E19 -> 0.046875 | Z19: =H20-E20 -> 0.015625 | AA19: =H20-E21 -> -0.015625 | AB19: =H20-E22 -> -0.046875 | AC19: =H20-E23 -> -0.078125 | AD19: =H20-E24 -> -0.109375 | AE19: =H20-E25 -> -0.140625 | AF19: =H20-E26 -> -0.171875 | AG19: =H20-E27 -> -0.203125 | AH19: =H20-E28 -> -0.234375 | AI19: =H20-E29 -> -0.265625 | AJ19: =H20-E30 -> -0.296875 | AK19: =H20-E31 -> -0.328125 | AL19: =H20-E32 -> -0.359375 | AM19: =H20-E33 -> -0.390625 | AN19: =H20-E34 -> -0.421875 | AO19: =H20-E35 -> -0.453125 | AP19: =H20-E36 -> -0.484375 | AQ19: =H20-E37 -> -0.515625 | AR19: =H20-E38 -> -0.546875 | AS19: =H20-E39 -> -0.578125 | AT19: =H20-E40 -> -0.609375 | AU19: =H20-E41 -> -0.640625 | AV19: =H20-E42 -> -0.671875 | AW19: =H20-E43 -> -0.703125 | AX19: =H20-E44 -> -0.734375 | AY19: =H20-E45 -> -0.765625 | AZ19: =H20-E46 -> -0.796875 | BA19: =H20-E47 -> -0.828125 | BB19: =H20-E48 -> -0.859375 | BC19: =H20-$E$49 -> -0.890625 | BE19: 4 | BF19: =BZ85+AO85 -> -0.15881941 | BG19: =CA85+AP85 -> -0.41141439 | BH19: =CB85+AQ85 -> -0.72775792 | BI19: =CC85+AR85 -> -1.6479184 | BJ19: =CD85+AS85 -> 1.6479184 | BK19: =CE85+AT85 -> 0.72775792 | BL19: =CF85+AU85 -> 0.41141439 | BM19: =CG85+AV85 -> 0.28973434 | ... CK19: =DE85+BT85 -> 0.036371655 | CL19: 4 | CM19: 0.014534185 | CN19: 0.036580299 | CO19: 0.2288599 | CP19: -0.26581575 | CQ19: -0.07444268 | CR19: -0.056606046 | CS19: -0.04488331 | CT19: -0.038403511 | CU19: -0.034205532 | CV19: -0.031296403 | CW19: -0.029185313 | CX19: -0.027608978 | CY19: -0.026413617 | CZ19: -0.025504113 | DA19: -0.024819305 | DB19: -0.02431906 | DC19: -0.023977156 | DD19: -0.023777249 | DE19: -0.023710627 | DF19: -0.023775133 | DG19: -0.023974981 | DH19: -0.024321434 | DI19: -0.024834555 | DJ19: -0.025546581 | DK19: -0.026508126 | DL19: -0.027799826 | DM19: -0.029555551 | DN19: -0.032013795 | DO19: -0.035635295 | DP19: -0.041634958 | DQ19: -0.051019386 | DR19: -0.11705198
B20: 4 | E20: =$B$6*B19 -> 0.09375 | F20: =($B$11/$B$8^2)*(2*E20*$B$8-E20^2) -> 0.028710937 | G20: =($B$11/$B$8^2)*(2*E20*$B$8-E20^2) -> 0.028710937 | H20: =(E21+E20)/2 -> 0.109375 | I20: =(E21+E20)/2 -> 0.109375 | J20: =(F21+F20)/2 -> 0.031542969 | K20: =(G21+G20)/2 -> 0.031542969 | L20: =((2*$B$11)/$B$8)-(2*$B$11*H20)/$B$8^2 -> 0.18125 | M20: =((2*$B$11)/$B$8)-(2*$B$11*H20)/$B$8^2 -> 0.18125 | O20: 4 | P20: =-2*PI()*($B$3-L20) -> 1.2119229 | Q20: =-2*PI()*($B$3-M20) -> 1.2119229 | V20: =E22-E21 -> 0.03125 | W20: =H21-E17 -> 0.140625 | X20: =H21-E18 -> 0.109375 | Y20: =H21-E19 -> 0.078125 | Z20: =H21-E20 -> 0.046875 | AA20: =H21-E21 -> 0.015625 | AB20: =H21-E22 -> -0.015625 | AC20: =H21-E23 -> -0.046875 | AD20: =H21-E24 -> -0.078125 | AE20: =H21-E25 -> -0.109375 | AF20: =H21-E26 -> -0.140625 | AG20: =H21-E27 -> -0.171875 | AH20: =H21-E28 -> -0.203125 | AI20: =H21-E29 -> -0.234375 | AJ20: =H21-E30 -> -0.265625 | AK20: =H21-E31 -> -0.296875 | AL20: =H21-E32 -> -0.328125 | AM20: =H21-E33 -> -0.359375 | AN20: =H21-E34 -> -0.390625 | AO20: =H21-E35 -> -0.421875 | AP20: =H21-E36 -> -0.453125 | AQ20: =H21-E37 -> -0.484375 | AR20: =H21-E38 -> -0.515625 | AS20: =H21-E39 -> -0.546875 | AT20: =H21-E40 -> -0.578125 | AU20: =H21-E41 -> -0.609375 | AV20: =H21-E42 -> -0.640625 | AW20: =H21-E43 -> -0.671875 | AX20: =H21-E44 -> -0.703125 | AY20: =H21-E45 -> -0.734375 | AZ20: =H21-E46 -> -0.765625 | BA20: =H21-E47 -> -0.796875 | BB20: =H21-E48 -> -0.828125 | BC20: =H21-$E$49 -> -0.859375 | BE20: 5 | BF20: =BZ86+AO86 -> -0.1203995 | BG20: =CA86+AP86 -> -0.28973434 | BH20: =CB86+AQ86 -> -0.41141439 | BI20: =CC86+AR86 -> -0.72775792 | BJ20: =CD86+AS86 -> -1.6479184 | BK20: =CE86+AT86 -> 1.6479184 | BL20: =CF86+AU86 -> 0.72775792 | BM20: =CG86+AV86 -> 0.41141439 | ... CK20: =DE86+BT86 -> 0.03774481 | CL20: 5 | CM20: 0.0086146725 | CN20: 0.02327307 | CO20: 0.041761567 | CP20: 0.23317197 | CQ20: -0.26205149 | CR20: -0.071038658 | CS20: -0.053461552 | CT20: -0.041935548 | CU20: -0.035610311 | CV20: -0.031536955 | CW20: -0.028730305 | CX20: -0.026704808 | CY20: -0.025200896 | CZ20: -0.024067538 | DA20: -0.02321175 | DB20: -0.02257411 | DC20: -0.022116011 | DD20: -0.021812677 | DE20: -0.021649267 | DF20: -0.021618803 | DG20: -0.02172132 | DH20: -0.021964028 | DI20: -0.022362585 | DJ20: -0.02294389 | DK20: -0.023751433 | DL20: -0.024855507 | DM20: -0.02637367 | DN20: -0.028516145 | DO20: -0.031689818 | DP20: -0.03696879 | DQ20: -0.045242328 | DR20: -0.10363982
B21: 5 | E21: =$B$6*B20 -> 0.125 | F21: =($B$11/$B$8^2)*(2*E21*$B$8-E21^2) -> 0.034375 | G21: =($B$11/$B$8^2)*(2*E21*$B$8-E21^2) -> 0.034375 | H21: =(E22+E21)/2 -> 0.140625 | I21: =(E22+E21)/2 -> 0.140625 | J21: =(F22+F21)/2 -> 0.036230469 | K21: =(G22+G21)/2 -> 0.036230469 | L21: =((2*$B$11)/$B$8)-(2*$B$11*H21)/$B$8^2 -> 0.11875 | M21: =((2*$B$11)/$B$8)-(2*$B$11*H21)/$B$8^2 -> 0.11875 | O21: 5 | P21: =-2*PI()*($B$3-L21) -> 0.81922381 | Q21: =-2*PI()*($B$3-M21) -> 0.81922381 | V21: =E23-E22 -> 0.03125 | W21: =H22-E17 -> 0.171875 | X21: =H22-E18 -> 0.140625 | Y21: =H22-E19 -> 0.109375 | Z21: =H22-E20 -> 0.078125 | AA21: =H22-E21 -> 0.046875 | AB21: =H22-E22 -> 0.015625 | AC21: =H22-E23 -> -0.015625 | AD21: =H22-E24 -> -0.046875 | AE21: =H22-E25 -> -0.078125 | AF21: =H22-E26 -> -0.109375 | AG21: =H22-E27 -> -0.140625 | AH21: =H22-E28 -> -0.171875 | AI21: =H22-E29 -> -0.203125 | AJ21: =H22-E30 -> -0.234375 | AK21: =H22-E31 -> -0.265625 | AL21: =H22-E32 -> -0.296875 | AM21: =H22-E33 -> -0.328125 | AN21: =H22-E34 -> -0.359375 | AO21: =H22-E35 -> -0.390625 | AP21: =H22-E36 -> -0.421875 | AQ21: =H22-E37 -> -0.453125 | AR21: =H22-E38 -> -0.484375 | AS21: =H22-E39 -> -0.515625 | AT21: =H22-E40 -> -0.546875 | AU21: =H22-E41 -> -0.578125 | AV21: =H22-E42 -> -0.609375 | AW21: =H22-E43 -> -0.640625 | AX21: =H22-E44 -> -0.671875 | AY21: =H22-E45 -> -0.703125 | AZ21: =H22-E46 -> -0.734375 | BA21: =H22-E47 -> -0.765625 | BB21: =H22-E48 -> -0.796875 | BC21: =H22-$E$49 -> -0.828125 | BE21: 6 | BF21: =BZ87+AO87 -> -0.09698187 | BG21: =CA87+AP87 -> -0.22408833 | BH21: =CB87+AQ87 -> -0.28973434 | BI21: =CC87+AR87 -> -0.41141439 | BJ21: =CD87+AS87 -> -0.72775792 | BK21: =CE87+AT87 -> -1.6479184 | BL21: =CF87+AU87 -> 1.6479184 | BM21: =CG87+AV87 -> 0.72775792 | ... CK21: =DE87+BT87 -> 0.039225744 | CL21: 6 | CM21: 0.00590872 | CN21: 0.014575753 | CO21: 0.026806163 | CP21: 0.044697898 | CQ21: 0.2357313 | CR21: -0.25974107 | CS21: -0.068908461 | CT21: -0.051468824 | CU21: -0.040051691 | CV21: -0.033815138 | CW21: -0.029815672 | CX21: -0.027071782 | CY21: -0.025100541 | CZ21: -0.023644366 | DA21: -0.022553813 | DB21: -0.021737253 | DC21: -0.021136517 | DD21: -0.02071426 | DE21: -0.020447103 | DF21: -0.020321889 | DG21: -0.020333828 | DH21: -0.020485989 | DI21: -0.02079004 | DJ21: -0.021268521 | DK21: -0.021959546 | DL21: -0.022925978 | DM21: -0.024273995 | DN21: -0.026194411 | DO21: -0.029057431 | DP21: -0.033841653 | DQ21: -0.041356619 | DR21: -0.094582457
B22: 6 | E22: =$B$6*B21 -> 0.15625 | F22: =($B$11/$B$8^2)*(2*E22*$B$8-E22^2) -> 0.038085937 | G22: =($B$11/$B$8^2)*(2*E22*$B$8-E22^2) -> 0.038085937 | H22: =(E23+E22)/2 -> 0.171875 | I22: =(E23+E22)/2 -> 0.171875 | J22: =(F23+F22)/2 -> 0.038964844 | K22: =(G23+G22)/2 -> 0.038964844 | L22: =((2*$B$11)/$B$8)-(2*$B$11*H22)/$B$8^2 -> 0.05625 | M22: =((2*$B$11)/$B$8)-(2*$B$11*H22)/$B$8^2 -> 0.05625 | O22: 6 | P22: =-2*PI()*($B$3-L22) -> 0.42652473 | Q22: =-2*PI()*($B$3-M22) -> 0.42652473 | V22: =E24-E23 -> 0.03125 | W22: =H23-E17 -> 0.203125 | X22: =H23-E18 -> 0.171875 | Y22: =H23-E19 -> 0.140625 | Z22: =H23-E20 -> 0.109375 | AA22: =H23-E21 -> 0.078125 | AB22: =H23-E22 -> 0.046875 | AC22: =H23-E23 -> 0.015625 | AD22: =H23-E24 -> -0.015625 | AE22: =H23-E25 -> -0.046875 | AF22: =H23-E26 -> -0.078125 | AG22: =H23-E27 -> -0.109375 | AH22: =H23-E28 -> -0.140625 | AI22: =H23-E29 -> -0.171875 | AJ22: =H23-E30 -> -0.203125 | AK22: =H23-E31 -> -0.234375 | AL22: =H23-E32 -> -0.265625 | AM22: =H23-E33 -> -0.296875 | AN22: =H23-E34 -> -0.328125 | AO22: =H23-E35 -> -0.359375 | AP22: =H23-E36 -> -0.390625 | AQ22: =H23-E37 -> -0.421875 | AR22: =H23-E38 -> -0.453125 | AS22: =H23-E39 -> -0.484375 | AT22: =H23-E40 -> -0.515625 | AU22: =H23-E41 -> -0.546875 | AV22: =H23-E42 -> -0.578125 | AW22: =H23-E43 -> -0.609375 | AX22: =H23-E44 -> -0.640625 | AY22: =H23-E45 -> -0.671875 | AZ22: =H23-E46 -> -0.703125 | BA22: =H23-E47 -> -0.734375 | BB22: =H23-E48 -> -0.765625 | BC22: =H23-$E$49 -> -0.796875 | BE22: 7 | BF22: =BZ88+AO88 -> -0.081202534 | BG22: =CA88+AP88 -> -0.18283342 | BH22: =CB88+AQ88 -> -0.22408833 | BI22: =CC88+AR88 -> -0.28973434 | BJ22: =CD88+AS88 -> -0.41141439 | BK22: =CE88+AT88 -> -0.72775792 | BL22: =CF88+AU88 -> -1.6479184 | BM22: =CG88+AV88 -> 1.6479184 | ... CK22: =DE88+BT88 -> 0.040827667 | CL22: 7 | CM22: 0.0043256022 | CN22: 0.010241912 | CO22: 0.017143726 | CP22: 0.028937154 | CQ22: 0.04655212 | CR22: 0.23740196 | CS22: -0.25820402 | CT22: -0.067474 | CU22: -0.050116301 | CV22: -0.038766619 | CW22: -0.032587013 | CX22: -0.028636713 | CY22: -0.025936195 | CZ22: -0.024004061 | DA22: -0.02258399 | DB22: -0.021527657 | DC22: -0.020744517 | DD22: -0.020177543 | DE22: -0.019790705 | DF22: -0.019562251 | DG22: -0.019481175 | DH22: -0.019545697 | DI22: -0.019763302 | DJ22: -0.020152458 | DK22: -0.020746718 | DL22: -0.021603086 | DM22: -0.022819164 | DN22: -0.024571501 | DO22: -0.027203681 | DP22: -0.031625474 | DQ22: -0.038588827 | DR22: -0.088095328
B23: 7 | E23: =$B$6*B22 -> 0.1875 | F23: =($B$11/$B$8^2)*(2*E23*$B$8-E23^2) -> 0.03984375 | G23: =($B$11/$B$8^2)*(2*E23*$B$8-E23^2) -> 0.03984375 | H23: =(E24+E23)/2 -> 0.203125 | I23: =(E24+E23)/2 -> 0.203125 | J23: =(F24+F23)/2 -> 0.039910889 | K23: =(G24+G23)/2 -> 0.039910889 | L23: =((2*$B$11)/$B$8)-(2*$B$11*H23)/$B$8^2 -> -0.00625 | M23: =((2*$B$11)/$B$8)-(2*$B$11*H23)/$B$8^2 -> -0.00625 | O23: 7 | P23: =-2*PI()*($B$3-L23) -> 0.033825646 | Q23: =-2*PI()*($B$3-M23) -> 0.033825646 | V23: =E25-E24 -> 0.03125 | W23: =H24-E17 -> 0.234375 | X23: =H24-E18 -> 0.203125 | Y23: =H24-E19 -> 0.171875 | Z23: =H24-E20 -> 0.140625 | AA23: =H24-E21 -> 0.109375 | AB23: =H24-E22 -> 0.078125 | AC23: =H24-E23 -> 0.046875 | AD23: =H24-E24 -> 0.015625 | AE23: =H24-E25 -> -0.015625 | AF23: =H24-E26 -> -0.046875 | AG23: =H24-E27 -> -0.078125 | AH23: =H24-E28 -> -0.109375 | AI23: =H24-E29 -> -0.140625 | AJ23: =H24-E30 -> -0.171875 | AK23: =H24-E31 -> -0.203125 | AL23: =H24-E32 -> -0.234375 | AM23: =H24-E33 -> -0.265625 | AN23: =H24-E34 -> -0.296875 | AO23: =H24-E35 -> -0.328125 | AP23: =H24-E36 -> -0.359375 | AQ23: =H24-E37 -> -0.390625 | AR23: =H24-E38 -> -0.421875 | AS23: =H24-E39 -> -0.453125 | AT23: =H24-E40 -> -0.484375 | AU23: =H24-E41 -> -0.515625 | AV23: =H24-E42 -> -0.546875 | AW23: =H24-E43 -> -0.578125 | AX23: =H24-E44 -> -0.609375 | AY23: =H24-E45 -> -0.640625 | AZ23: =H24-E46 -> -0.671875 | BA23: =H24-E47 -> -0.703125 | BB23: =H24-E48 -> -0.734375 | BC23: =H24-$E$49 -> -0.765625 | BE23: 8 | BF23: =BZ89+AO89 -> -0.069844516 | BG23: =CA89+AP89 -> -0.15445886 | BH23: =CB89+AQ89 -> -0.18283342 | BI23: =CC89+AR89 -> -0.22408833 | BJ23: =CD89+AS89 -> -0.28973434 | BK23: =CE89+AT89 -> -0.41141439 | BL23: =CF89+AU89 -> -0.72775792 | BM23: =CG89+AV89 -> -1.6479184 | ... CK23: =DE89+BT89 -> 0.042566043 | CL23: 8 | CM23: 0.0033184835 | CN23: 0.007632801 | CO23: 0.012200286 | CP23: 0.018766087 | CQ23: 0.0303461 | CR23: 0.047818872 | CS23: 0.23856465 | CT23: -0.2571218 | CU23: -0.066456602 | CV23: -0.049152826 | CW23: -0.037849259 | CX23: -0.031710093 | CY23: -0.027796134 | CZ23: -0.025129098 | DA23: -0.023228637 | DB23: -0.021839397 | DC23: -0.020814024 | DD23: -0.020063028 | DE23: -0.019530633 | DF23: -0.019182386 | DG23: -0.018998641 | DH23: -0.018971354 | DI23: -0.019103088 | DJ23: -0.019408004 | DK23: -0.019915342 | DL23: -0.020677052 | DM23: -0.021783809 | DN23: -0.023401081 | DO23: -0.025852188 | DP23: -0.029995049 | DQ23: -0.036538103 | DR23: -0.083252663
B24: 8 | E24: =$B$6*B23 -> 0.21875 | F24: =($B$11/(1-$B$8)^2)*(1-2*$B$8+2*$B$8*E24-E24^2) -> 0.039978027 | G24: =($B$11/(1-$B$8)^2)*(1-2*$B$8+2*$B$8*E24-E24^2) -> 0.039978027 | H24: =(E25+E24)/2 -> 0.234375 | I24: =(E25+E24)/2 -> 0.234375 | J24: =(F25+F24)/2 -> 0.039910889 | K24: =(G25+G24)/2 -> 0.039910889 | L24: =(2*$B$8*$B$11-2*$B$11*H24)/(1-$B$8)^2 -> -0.004296875 | M24: =(2*$B$8*$B$11-2*$B$11*H24)/(1-$B$8)^2 -> -0.004296875 | O24: 8 | P24: =-2*PI()*($B$3-L24) -> 0.046097492 | Q24: =-2*PI()*($B$3-M24) -> 0.046097492 | V24: =E26-E25 -> 0.03125 | W24: =H25-E17 -> 0.265625 | X24: =H25-E18 -> 0.234375 | Y24: =H25-E19 -> 0.203125 | Z24: =H25-E20 -> 0.171875 | AA24: =H25-E21 -> 0.140625 | AB24: =H25-E22 -> 0.109375 | AC24: =H25-E23 -> 0.078125 | AD24: =H25-E24 -> 0.046875 | AE24: =H25-E25 -> 0.015625 | AF24: =H25-E26 -> -0.015625 | AG24: =H25-E27 -> -0.046875 | AH24: =H25-E28 -> -0.078125 | AI24: =H25-E29 -> -0.109375 | AJ24: =H25-E30 -> -0.140625 | AK24: =H25-E31 -> -0.171875 | AL24: =H25-E32 -> -0.203125 | AM24: =H25-E33 -> -0.234375 | AN24: =H25-E34 -> -0.265625 | AO24: =H25-E35 -> -0.296875 | AP24: =H25-E36 -> -0.328125 | AQ24: =H25-E37 -> -0.359375 | AR24: =H25-E38 -> -0.390625 | AS24: =H25-E39 -> -0.421875 | AT24: =H25-E40 -> -0.453125 | AU24: =H25-E41 -> -0.484375 | AV24: =H25-E42 -> -0.515625 | AW24: =H25-E43 -> -0.546875 | AX24: =H25-E44 -> -0.578125 | AY24: =H25-E45 -> -0.609375 | AZ24: =H25-E46 -> -0.640625 | BA24: =H25-E47 -> -0.671875 | BB24: =H25-E48 -> -0.703125 | BC24: =H25-$E$49 -> -0.734375 | BE24: 9 | BF24: =BZ90+AO90 -> -0.061276428 | BG24: =CA90+AP90 -> -0.13373123 | BH24: =CB90+AQ90 -> -0.15445886 | BI24: =CC90+AR90 -> -0.18283342 | BJ24: =CD90+AS90 -> -0.22408833 | BK24: =CE90+AT90 -> -0.28973434 | BL24: =CF90+AU90 -> -0.41141439 | BM24: =CG90+AV90 -> -0.72775792 | ... CK24: =DE90+BT90 -> 0.044459088 | CL24: 9 | CM24: 0.0026322925 | CN24: 0.0059308195 | CO24: 0.0091777651 | CP24: 0.013477753 | CQ24: 0.01987314 | CR24: 0.031339064 | CS24: 0.048727852 | CT24: 0.23940822 | CU24: -0.25633136 | CV24: -0.065710846 | CW24: -0.048445765 | CX24: -0.03717664 | CY24: -0.031068956 | CZ24: -0.027184562 | DA24: -0.02454608 | DB24: -0.022674022 | DC24: -0.021313921 | DD24: -0.020319418 | DE24: -0.019602223 | DF24: -0.019108093 | DG24: -0.018804639 | DH24: -0.018675122 | DI24: -0.018715768 | DJ24: -0.018935691 | DK24: -0.019359594 | DL24: -0.020034669 | DM24: -0.021045613 | DN24: -0.022548877 | DO24: -0.024851793 | DP24: -0.028772052 | DQ24: -0.034984213 | DR24: -0.079544858
B25: 9 | E25: =$B$6*B24 -> 0.25 | F25: =($B$11/(1-$B$8)^2)*(1-2*$B$8+2*$B$8*E25-E25^2) -> 0.03984375 | G25: =($B$11/(1-$B$8)^2)*(1-2*$B$8+2*$B$8*E25-E25^2) -> 0.03984375 | H25: =(E26+E25)/2 -> 0.265625 | I25: =(E26+E25)/2 -> 0.265625 | J25: =(F26+F25)/2 -> 0.039715576 | K25: =(G26+G25)/2 -> 0.039715576 | L25: =(2*$B$8*$B$11-2*$B$11*H25)/(1-$B$8)^2 -> -0.008203125 | M25: =(2*$B$8*$B$11-2*$B$11*H25)/(1-$B$8)^2 -> -0.008203125 | O25: 9 | P25: =-2*PI()*($B$3-L25) -> 0.0215538 | Q25: =-2*PI()*($B$3-M25) -> 0.0215538 | V25: =E27-E26 -> 0.03125 | W25: =H26-E17 -> 0.296875 | X25: =H26-E18 -> 0.265625 | Y25: =H26-E19 -> 0.234375 | Z25: =H26-E20 -> 0.203125 | AA25: =H26-E21 -> 0.171875 | AB25: =H26-E22 -> 0.140625 | AC25: =H26-E23 -> 0.109375 | AD25: =H26-E24 -> 0.078125 | AE25: =H26-E25 -> 0.046875 | AF25: =H26-E26 -> 0.015625 | AG25: =H26-E27 -> -0.015625 | AH25: =H26-E28 -> -0.046875 | AI25: =H26-E29 -> -0.078125 | AJ25: =H26-E30 -> -0.109375 | AK25: =H26-E31 -> -0.140625 | AL25: =H26-E32 -> -0.171875 | AM25: =H26-E33 -> -0.203125 | AN25: =H26-E34 -> -0.234375 | AO25: =H26-E35 -> -0.265625 | AP25: =H26-E36 -> -0.296875 | AQ25: =H26-E37 -> -0.328125 | AR25: =H26-E38 -> -0.359375 | AS25: =H26-E39 -> -0.390625 | AT25: =H26-E40 -> -0.421875 | AU25: =H26-E41 -> -0.453125 | AV25: =H26-E42 -> -0.484375 | AW25: =H26-E43 -> -0.515625 | AX25: =H26-E44 -> -0.546875 | AY25: =H26-E45 -> -0.578125 | AZ25: =H26-E46 -> -0.609375 | BA25: =H26-E47 -> -0.640625 | BB25: =H26-E48 -> -0.671875 | BC25: =H26-$E$49 -> -0.703125 | BE25: 10 | BF25: =BZ91+AO91 -> -0.054582102 | BG25: =CA91+AP91 -> -0.11791996 | BH25: =CB91+AQ91 -> -0.13373123 | BI25: =CC91+AR91 -> -0.15445886 | BJ25: =CD91+AS91 -> -0.18283342 | BK25: =CE91+AT91 -> -0.22408833 | BL25: =CF91+AU91 -> -0.28973434 | BM25: =CG91+AV91 -> -0.41141439 | ... CK25: =DE91+BT91 -> 0.046528412 | CL25: 10 | CM25: 0.0021408818 | CN25: 0.0047493948 | CO25: 0.0071808267 | CP25: 0.010209181 | CQ25: 0.014369457 | CR25: 0.020670836 | CS25: 0.032067138 | CT25: 0.049401308 | CU25: 0.2400369 | CV25: -0.25574073 | CW25: -0.065153572 | CX25: -0.047918606 | CY25: -0.036677444 | CZ25: -0.030596473 | DA25: -0.026738343 | DB25: -0.024126456 | DC25: -0.022282153 | DD25: -0.020951913 | DE25: -0.019990537 | DF25: -0.019311231 | DG25: -0.01886178 | DH25: -0.018612652 | DI25: -0.018551311 | DJ25: -0.01868042 | DK25: -0.019019434 | DL25: -0.019610629 | DM25: -0.020533168 | DN25: -0.021935812 | DO25: -0.024112894 | DP25: -0.027850253 | DQ25: -0.03379549 | DR25: -0.076666202
B26: 10 | E26: =$B$6*B25 -> 0.28125 | F26: =($B$11/(1-$B$8)^2)*(1-2*$B$8+2*$B$8*E26-E26^2) -> 0.039587402 | G26: =($B$11/(1-$B$8)^2)*(1-2*$B$8+2*$B$8*E26-E26^2) -> 0.039587402 | H26: =(E27+E26)/2 -> 0.296875 | I26: =(E27+E26)/2 -> 0.296875 | J26: =(F27+F26)/2 -> 0.039398193 | K26: =(G27+G26)/2 -> 0.039398193 | L26: =(2*$B$8*$B$11-2*$B$11*H26)/(1-$B$8)^2 -> -0.012109375 | M26: =(2*$B$8*$B$11-2*$B$11*H26)/(1-$B$8)^2 -> -0.012109375 | O26: 10 | P26: =-2*PI()*($B$3-L26) -> -0.0029898928 | Q26: =-2*PI()*($B$3-M26) -> -0.0029898928 | V26: =E28-E27 -> 0.03125 | W26: =H27-E17 -> 0.328125 | X26: =H27-E18 -> 0.296875 | Y26: =H27-E19 -> 0.265625 | Z26: =H27-E20 -> 0.234375 | AA26: =H27-E21 -> 0.203125 | AB26: =H27-E22 -> 0.171875 | AC26: =H27-E23 -> 0.140625 | AD26: =H27-E24 -> 0.109375 | AE26: =H27-E25 -> 0.078125 | AF26: =H27-E26 -> 0.046875 | AG26: =H27-E27 -> 0.015625 | AH26: =H27-E28 -> -0.015625 | AI26: =H27-E29 -> -0.046875 | AJ26: =H27-E30 -> -0.078125 | AK26: =H27-E31 -> -0.109375 | AL26: =H27-E32 -> -0.140625 | AM26: =H27-E33 -> -0.171875 | AN26: =H27-E34 -> -0.203125 | AO26: =H27-E35 -> -0.234375 | AP26: =H27-E36 -> -0.265625 | AQ26: =H27-E37 -> -0.296875 | AR26: =H27-E38 -> -0.328125 | AS26: =H27-E39 -> -0.359375 | AT26: =H27-E40 -> -0.390625 | AU26: =H27-E41 -> -0.421875 | AV26: =H27-E42 -> -0.453125 | AW26: =H27-E43 -> -0.484375 | AX26: =H27-E44 -> -0.515625 | AY26: =H27-E45 -> -0.546875 | AZ26: =H27-E46 -> -0.578125 | BA26: =H27-E47 -> -0.609375 | BB26: =H27-E48 -> -0.640625 | BC26: =H27-$E$49 -> -0.671875 | BE26: 11 | BF26: =BZ92+AO92 -> -0.049207144 | BG26: =CA92+AP92 -> -0.10545842 | BH26: =CB92+AQ92 -> -0.11791996 | BI26: =CC92+AR92 -> -0.13373123 | BJ26: =CD92+AS92 -> -0.15445886 | BK26: =CE92+AT92 -> -0.18283342 | BL26: =CF92+AU92 -> -0.22408833 | BM26: =CG92+AV92 -> -0.28973434 | ... CK26: =DE92+BT92 -> 0.048799852 | CL26: 11 | CM26: 0.0017751451 | CN26: 0.0038908124 | CO26: 0.0057805232 | CP26: 0.0080296655 | CQ26: 0.0109411 | CR26: 0.015022282 | CS26: 0.021264714 | CT26: 0.032614417 | CU26: 0.049910036 | CV26: 0.24051253 | CW26: -0.25529449 | CX26: -0.064734206 | CY26: -0.047524567 | CZ26: -0.036307974 | DA26: -0.030251533 | DB26: -0.02641862 | DC26: -0.023833417 | DD26: -0.022018175 | DE26: -0.020720502 | DF26: -0.019796665 | DG26: -0.019161865 | DH26: -0.018766705 | DI26: -0.018585796 | DJ26: -0.018612945 | DK26: -0.018860986 | DL26: -0.019366632 | DM26: -0.020203503 | DN26: -0.021513439 | DO26: -0.02357989 | DP26: -0.027163102 | DQ26: -0.032888903 | DR26: -0.074422715
B27: 11 | E27: =$B$6*B26 -> 0.3125 | F27: =($B$11/(1-$B$8)^2)*(1-2*$B$8+2*$B$8*E27-E27^2) -> 0.039208984 | G27: =($B$11/(1-$B$8)^2)*(1-2*$B$8+2*$B$8*E27-E27^2) -> 0.039208984 | H27: =(E28+E27)/2 -> 0.328125 | I27: =(E28+E27)/2 -> 0.328125 | J27: =(F28+F27)/2 -> 0.03895874 | K27: =(G28+G27)/2 -> 0.03895874 | L27: =(2*$B$8*$B$11-2*$B$11*H27)/(1-$B$8)^2 -> -0.016015625 | M27: =(2*$B$8*$B$11-2*$B$11*H27)/(1-$B$8)^2 -> -0.016015625 | O27: 11 | P27: =-2*PI()*($B$3-L27) -> -0.027533585 | Q27: =-2*PI()*($B$3-M27) -> -0.027533585 | V27: =E29-E28 -> 0.03125 | W27: =H28-E17 -> 0.359375 | X27: =H28-E18 -> 0.328125 | Y27: =H28-E19 -> 0.296875 | Z27: =H28-E20 -> 0.265625 | AA27: =H28-E21 -> 0.234375 | AB27: =H28-E22 -> 0.203125 | AC27: =H28-E23 -> 0.171875 | AD27: =H28-E24 -> 0.140625 | AE27: =H28-E25 -> 0.109375 | AF27: =H28-E26 -> 0.078125 | AG27: =H28-E27 -> 0.046875 | AH27: =H28-E28 -> 0.015625 | AI27: =H28-E29 -> -0.015625 | AJ27: =H28-E30 -> -0.046875 | AK27: =H28-E31 -> -0.078125 | AL27: =H28-E32 -> -0.109375 | AM27: =H28-E33 -> -0.140625 | AN27: =H28-E34 -> -0.171875 | AO27: =H28-E35 -> -0.203125 | AP27: =H28-E36 -> -0.234375 | AQ27: =H28-E37 -> -0.265625 | AR27: =H28-E38 -> -0.296875 | AS27: =H28-E39 -> -0.328125 | AT27: =H28-E40 -> -0.359375 | AU27: =H28-E41 -> -0.390625 | AV27: =H28-E42 -> -0.421875 | AW27: =H28-E43 -> -0.453125 | AX27: =H28-E44 -> -0.484375 | AY27: =H28-E45 -> -0.515625 | AZ27: =H28-E46 -> -0.546875 | BA27: =H28-E47 -> -0.578125 | BB27: =H28-E48 -> -0.609375 | BC27: =H28-$E$49 -> -0.640625 | BE27: 12 | BF27: =BZ93+AO93 -> -0.044796329 | BG27: =CA93+AP93 -> -0.095382593 | BH27: =CB93+AQ93 -> -0.10545842 | BI27: =CC93+AR93 -> -0.11791996 | BJ27: =CD93+AS93 -> -0.13373123 | BK27: =CE93+AT93 -> -0.15445886 | BL27: =CF93+AU93 -> -0.18283342 | BM27: =CG93+AV93 -> -0.22408833 | ... CK27: =DE93+BT93 -> 0.051304552 | CL27: 12 | CM27: 0.0014944777 | CN27: 0.0032441832 | CO27: 0.0047543627 | CP27: 0.0064895755 | CQ27: 0.0086392474 | CR27: 0.011483011 | CS27: 0.015513422 | CT27: 0.021715398 | CU27: 0.033031324 | CV27: 0.050297629 | CW27: 0.2408738 | CX27: -0.25495761 | CY27: -0.064420634 | CZ27: -0.047233911 | DA27: -0.036040512 | DB27: -0.030008221 | DC27: -0.026201158 | DD27: -0.023644389 | DE27: -0.021861266 | DF27: -0.020600842 | DG27: -0.019721352 | DH27: -0.019140784 | DI27: -0.018813834 | DJ27: -0.01872138 | DK27: -0.018867266 | DL27: -0.019281334 | DM27: -0.020031141 | DN27: -0.021251887 | DO27: -0.023217581 | DP27: -0.026667694 | DQ27: -0.032210247 | DR27: -0.072686357
B28: 12 | E28: =$B$6*B27 -> 0.34375 | F28: =($B$11/(1-$B$8)^2)*(1-2*$B$8+2*$B$8*E28-E28^2) -> 0.038708496 | G28: =($B$11/(1-$B$8)^2)*(1-2*$B$8+2*$B$8*E28-E28^2) -> 0.038708496 | H28: =(E29+E28)/2 -> 0.359375 | I28: =(E29+E28)/2 -> 0.359375 | J28: =(F29+F28)/2 -> 0.038397217 | K28: =(G29+G28)/2 -> 0.038397217 | L28: =(2*$B$8*$B$11-2*$B$11*H28)/(1-$B$8)^2 -> -0.019921875 | M28: =(2*$B$8*$B$11-2*$B$11*H28)/(1-$B$8)^2 -> -0.019921875 | O28: 12 | P28: =-2*PI()*($B$3-L28) -> -0.052077278 | Q28: =-2*PI()*($B$3-M28) -> -0.052077278 | V28: =E30-E29 -> 0.03125 | W28: =H29-E17 -> 0.390625 | X28: =H29-E18 -> 0.359375 | Y28: =H29-E19 -> 0.328125 | Z28: =H29-E20 -> 0.296875 | AA28: =H29-E21 -> 0.265625 | AB28: =H29-E22 -> 0.234375 | AC28: =H29-E23 -> 0.203125 | AD28: =H29-E24 -> 0.171875 | AE28: =H29-E25 -> 0.140625 | AF28: =H29-E26 -> 0.109375 | AG28: =H29-E27 -> 0.078125 | AH28: =H29-E28 -> 0.046875 | AI28: =H29-E29 -> 0.015625 | AJ28: =H29-E30 -> -0.015625 | AK28: =H29-E31 -> -0.046875 | AL28: =H29-E32 -> -0.078125 | AM28: =H29-E33 -> -0.109375 | AN28: =H29-E34 -> -0.140625 | AO28: =H29-E35 -> -0.171875 | AP28: =H29-E36 -> -0.203125 | AQ28: =H29-E37 -> -0.234375 | AR28: =H29-E38 -> -0.265625 | AS28: =H29-E39 -> -0.296875 | AT28: =H29-E40 -> -0.328125 | AU28: =H29-E41 -> -0.359375 | AV28: =H29-E42 -> -0.390625 | AW28: =H29-E43 -> -0.421875 | AX28: =H29-E44 -> -0.453125 | AY28: =H29-E45 -> -0.484375 | AZ28: =H29-E46 -> -0.515625 | BA28: =H29-E47 -> -0.546875 | BB28: =H29-E48 -> -0.578125 | BC28: =H29-$E$49 -> -0.609375 | BE28: 13 | BF28: =BZ94+AO94 -> -0.041111497 | BG28: =CA94+AP94 -> -0.087066441 | BH28: =CB94+AQ94 -> -0.095382593 | BI28: =CC94+AR94 -> -0.10545842 | BJ28: =CD94+AS94 -> -0.11791996 | BK28: =CE94+AT94 -> -0.13373123 | BL28: =CF94+AU94 -> -0.15445886 | BM28: =CG94+AV94 -> -0.18283342 | ... CK28: =DE94+BT94 -> 0.054080408 | CL28: 13 | CM28: 0.0012736438 | CN28: 0.002743069 | CO28: 0.0039761173 | CP28: 0.005353616 | CQ28: 0.007003055 | CR28: 0.0090940217 | CS28: 0.011893432 | CT28: 0.01588821 | CU28: 0.022060153 | CV28: 0.033349737 | CW28: 0.050592113 | CX28: 0.24114583 | CY28: -0.25470729 | CZ28: -0.06419194 | DA28: -0.047027368 | DB28: -0.035857288 | DC28: -0.029850202 | DD28: -0.02607109 | DE28: -0.023546101 | DF28: -0.021800014 | DG28: -0.020583831 | DH28: -0.019758548 | DI28: -0.019246212 | DJ28: -0.019007726 | DK28: -0.019033905 | DL28: -0.01934541 | DM28: -0.020002546 | DN28: -0.021133613 | DO28: -0.02300405 | DP28: -0.026336282 | DQ28: -0.031723625 | DR28: -0.071370587
B29: 13 | E29: =$B$6*B28 -> 0.375 | F29: =($B$11/(1-$B$8)^2)*(1-2*$B$8+2*$B$8*E29-E29^2) -> 0.038085937 | G29: =($B$11/(1-$B$8)^2)*(1-2*$B$8+2*$B$8*E29-E29^2) -> 0.038085937 | H29: =(E30+E29)/2 -> 0.390625 | I29: =(E30+E29)/2 -> 0.390625 | J29: =(F30+F29)/2 -> 0.037713623 | K29: =(G30+G29)/2 -> 0.037713623 | L29: =(2*$B$8*$B$11-2*$B$11*H29)/(1-$B$8)^2 -> -0.023828125 | M29: =(2*$B$8*$B$11-2*$B$11*H29)/(1-$B$8)^2 -> -0.023828125 | O29: 13 | P29: =-2*PI()*($B$3-L29) -> -0.076620971 | Q29: =-2*PI()*($B$3-M29) -> -0.076620971 | V29: =E31-E30 -> 0.03125 | W29: =H30-E17 -> 0.421875 | X29: =H30-E18 -> 0.390625 | Y29: =H30-E19 -> 0.359375 | Z29: =H30-E20 -> 0.328125 | AA29: =H30-E21 -> 0.296875 | AB29: =H30-E22 -> 0.265625 | AC29: =H30-E23 -> 0.234375 | AD29: =H30-E24 -> 0.203125 | AE29: =H30-E25 -> 0.171875 | AF29: =H30-E26 -> 0.140625 | AG29: =H30-E27 -> 0.109375 | AH29: =H30-E28 -> 0.078125 | AI29: =H30-E29 -> 0.046875 | AJ29: =H30-E30 -> 0.015625 | AK29: =H30-E31 -> -0.015625 | AL29: =H30-E32 -> -0.046875 | AM29: =H30-E33 -> -0.078125 | AN29: =H30-E34 -> -0.109375 | AO29: =H30-E35 -> -0.140625 | AP29: =H30-E36 -> -0.171875 | AQ29: =H30-E37 -> -0.203125 | AR29: =H30-E38 -> -0.234375 | AS29: =H30-E39 -> -0.265625 | AT29: =H30-E40 -> -0.296875 | AU29: =H30-E41 -> -0.328125 | AV29: =H30-E42 -> -0.359375 | AW29: =H30-E43 -> -0.390625 | AX29: =H30-E44 -> -0.421875 | AY29: =H30-E45 -> -0.453125 | AZ29: =H30-E46 -> -0.484375 | BA29: =H30-E47 -> -0.515625 | BB29: =H30-E48 -> -0.546875 | BC29: =H30-$E$49 -> -0.578125 | BE29: 14 | BF29: =BZ95+AO95 -> -0.037986986 | BG29: =CA95+AP95 -> -0.080085553 | BH29: =CB95+AQ95 -> -0.087066441 | BI29: =CC95+AR95 -> -0.095382593 | BJ29: =CD95+AS95 -> -0.10545842 | BK29: =CE95+AT95 -> -0.11791996 | BL29: =CF95+AU95 -> -0.13373123 | BM29: =CG95+AV95 -> -0.15445886 | ... CK29: =DE95+BT95 -> 0.057173996 | CL29: 14 | CM29: 0.0010962323 | CN29: 0.0023455073 | CO29: 0.0033694066 | CP29: 0.0044872604 | CQ29: 0.0057899594 | CR29: 0.0073878748 | CS29: 0.009439626 | CT29: 0.012207261 | CU29: 0.016174998 | CV29: 0.022322972 | CW29: 0.033590535 | CX29: 0.050812008 | CY29: 0.24134527 | CZ29: -0.25452846 | DA29: -0.064034444 | DB29: -0.046892548 | DC29: -0.035747182 | DD29: -0.029767691 | DE29: -0.026020124 | DF29: -0.023532044 | DG29: -0.021830166 | DH29: -0.020668237 | DI29: -0.019911287 | DJ29: -0.019487531 | DK29: -0.01936774 | DL29: -0.019559412 | DM29: -0.0201134 | DN29: -0.02115015 | DO29: -0.022926797 | DP29: -0.026151594 | DQ29: -0.031405547 | DR29: -0.070416552
B30: 14 | E30: =$B$6*B29 -> 0.40625 | F30: =($B$11/(1-$B$8)^2)*(1-2*$B$8+2*$B$8*E30-E30^2) -> 0.037341309 | G30: =($B$11/(1-$B$8)^2)*(1-2*$B$8+2*$B$8*E30-E30^2) -> 0.037341309 | H30: =(E31+E30)/2 -> 0.421875 | I30: =(E31+E30)/2 -> 0.421875 | J30: =(F31+F30)/2 -> 0.036907959 | K30: =(G31+G30)/2 -> 0.036907959 | L30: =(2*$B$8*$B$11-2*$B$11*H30)/(1-$B$8)^2 -> -0.027734375 | M30: =(2*$B$8*$B$11-2*$B$11*H30)/(1-$B$8)^2 -> -0.027734375 | O30: 14 | P30: =-2*PI()*($B$3-L30) -> -0.10116466 | Q30: =-2*PI()*($B$3-M30) -> -0.10116466 | V30: =E32-E31 -> 0.03125 | W30: =H31-E17 -> 0.453125 | X30: =H31-E18 -> 0.421875 | Y30: =H31-E19 -> 0.390625 | Z30: =H31-E20 -> 0.359375 | AA30: =H31-E21 -> 0.328125 | AB30: =H31-E22 -> 0.296875 | AC30: =H31-E23 -> 0.265625 | AD30: =H31-E24 -> 0.234375 | AE30: =H31-E25 -> 0.203125 | AF30: =H31-E26 -> 0.171875 | AG30: =H31-E27 -> 0.140625 | AH30: =H31-E28 -> 0.109375 | AI30: =H31-E29 -> 0.078125 | AJ30: =H31-E30 -> 0.046875 | AK30: =H31-E31 -> 0.015625 | AL30: =H31-E32 -> -0.015625 | AM30: =H31-E33 -> -0.046875 | AN30: =H31-E34 -> -0.078125 | AO30: =H31-E35 -> -0.109375 | AP30: =H31-E36 -> -0.140625 | AQ30: =H31-E37 -> -0.171875 | AR30: =H31-E38 -> -0.203125 | AS30: =H31-E39 -> -0.234375 | AT30: =H31-E40 -> -0.265625 | AU30: =H31-E41 -> -0.296875 | AV30: =H31-E42 -> -0.328125 | AW30: =H31-E43 -> -0.359375 | AX30: =H31-E44 -> -0.390625 | AY30: =H31-E45 -> -0.421875 | AZ30: =H31-E46 -> -0.453125 | BA30: =H31-E47 -> -0.484375 | BB30: =H31-E48 -> -0.515625 | BC30: =H31-$E$49 -> -0.546875 | BE30: 15 | BF30: =BZ96+AO96 -> -0.035303986 | BG30: =CA96+AP96 -> -0.074141964 | BH30: =CB96+AQ96 -> -0.080085553 | BI30: =CC96+AR96 -> -0.087066441 | BJ30: =CD96+AS96 -> -0.095382593 | BK30: =CE96+AT96 -> -0.10545842 | BL30: =CF96+AU96 -> -0.11791996 | BM30: =CG96+AV96 -> -0.13373123 | ... CK30: =DE96+BT96 -> 0.060643217 | CL30: 15 | CM30: 0.00095116355 | CN30: 0.002023836 | CO30: 0.0028855741 | CP30: 0.0038085402 | CQ30: 0.0048605392 | CR30: 0.006117564 | CS30: 0.0076804442 | CT30: 0.0097035543 | CU30: 0.012446576 | CV30: 0.016392264 | CW30: 0.022519756 | CX30: 0.033767656 | CY30: 0.050969674 | CZ30: 0.24148313 | DA30: -0.2544113 | DB30: -0.063939465 | DC30: -0.046821923 | DD30: -0.035703909 | DE30: -0.029755829 | DF30: -0.026045137 | DG30: -0.023601324 | DH30: -0.021953842 | DI30: -0.02086046 | DJ30: -0.020192355 | DK30: -0.019887572 | DL30: -0.019933486 | DM30: -0.020367618 | DN30: -0.021300578 | DO30: -0.022980733 | DP30: -0.026104234 | DQ30: -0.031241565 | DR30: -0.069784981
B31: 15 | E31: =$B$6*B30 -> 0.4375 | F31: =($B$11/(1-$B$8)^2)*(1-2*$B$8+2*$B$8*E31-E31^2) -> 0.036474609 | G31: =($B$11/(1-$B$8)^2)*(1-2*$B$8+2*$B$8*E31-E31^2) -> 0.036474609 | H31: =(E32+E31)/2 -> 0.453125 | I31: =(E32+E31)/2 -> 0.453125 | J31: =(F32+F31)/2 -> 0.035980225 | K31: =(G32+G31)/2 -> 0.035980225 | L31: =(2*$B$8*$B$11-2*$B$11*H31)/(1-$B$8)^2 -> -0.031640625 | M31: =(2*$B$8*$B$11-2*$B$11*H31)/(1-$B$8)^2 -> -0.031640625 | O31: 15 | P31: =-2*PI()*($B$3-L31) -> -0.12570836 | Q31: =-2*PI()*($B$3-M31) -> -0.12570836 | V31: =E33-E32 -> 0.03125 | W31: =H32-E17 -> 0.484375 | X31: =H32-E18 -> 0.453125 | Y31: =H32-E19 -> 0.421875 | Z31: =H32-E20 -> 0.390625 | AA31: =H32-E21 -> 0.359375 | AB31: =H32-E22 -> 0.328125 | AC31: =H32-E23 -> 0.296875 | AD31: =H32-E24 -> 0.265625 | AE31: =H32-E25 -> 0.234375 | AF31: =H32-E26 -> 0.203125 | AG31: =H32-E27 -> 0.171875 | AH31: =H32-E28 -> 0.140625 | AI31: =H32-E29 -> 0.109375 | AJ31: =H32-E30 -> 0.078125 | AK31: =H32-E31 -> 0.046875 | AL31: =H32-E32 -> 0.015625 | AM31: =H32-E33 -> -0.015625 | AN31: =H32-E34 -> -0.046875 | AO31: =H32-E35 -> -0.078125 | AP31: =H32-E36 -> -0.109375 | AQ31: =H32-E37 -> -0.140625 | AR31: =H32-E38 -> -0.171875 | AS31: =H32-E39 -> -0.203125 | AT31: =H32-E40 -> -0.234375 | AU31: =H32-E41 -> -0.265625 | AV31: =H32-E42 -> -0.296875 | AW31: =H32-E43 -> -0.328125 | AX31: =H32-E44 -> -0.359375 | AY31: =H32-E45 -> -0.390625 | AZ31: =H32-E46 -> -0.421875 | BA31: =H32-E47 -> -0.453125 | BB31: =H32-E48 -> -0.484375 | BC31: =H32-$E$49 -> -0.515625 | BE31: 16 | BF31: =BZ97+AO97 -> -0.03297507 | BG31: =CA97+AP97 -> -0.069020291 | BH31: =CB97+AQ97 -> -0.074141964 | BI31: =CC97+AR97 -> -0.080085553 | BJ31: =CD97+AS97 -> -0.087066441 | BK31: =CE97+AT97 -> -0.095382593 | BL31: =CF97+AU97 -> -0.10545842 | BM31: =CG97+AV97 -> -0.11791996 | ... CK31: =DE97+BT97 -> 0.06456096 | CL31: 16 | CM31: 0.00083071762 | CN31: 0.0017591604 | CO31: 0.0024923035 | CP31: 0.0032649133 | CQ31: 0.0041294222 | CR31: 0.0051405786 | CS31: 0.0063660153 | CT31: 0.0079028334 | CU31: 0.009903321 | CV31: 0.012625862 | CW31: 0.016552317 | CX31: 0.022661148 | CY31: 0.033890392 | CZ31: 0.051073238 | DA31: 0.24156648 | DB31: -0.25434977 | DC31: -0.063902052 | DD31: -0.046811725 | DE31: -0.035725087 | DF31: -0.029813944 | DG31: -0.026147678 | DH31: -0.023758516 | DI31: -0.022179932 | DJ31: -0.021175841 | DK31: -0.020627241 | DL31: -0.020488752 | DM31: -0.02077771 | DN31: -0.021591216 | DO31: -0.023167342 | DP31: -0.026191353 | DQ31: -0.031224378 | DR31: -0.069451385
B32: 16 | E32: =$B$6*B31 -> 0.46875 | F32: =($B$11/(1-$B$8)^2)*(1-2*$B$8+2*$B$8*E32-E32^2) -> 0.03548584 | G32: =($B$11/(1-$B$8)^2)*(1-2*$B$8+2*$B$8*E32-E32^2) -> 0.03548584 | H32: =(E33+E32)/2 -> 0.484375 | I32: =(E33+E32)/2 -> 0.484375 | J32: =(F33+F32)/2 -> 0.03493042 | K32: =(G33+G32)/2 -> 0.03493042 | L32: =(2*$B$8*$B$11-2*$B$11*H32)/(1-$B$8)^2 -> -0.035546875 | M32: =(2*$B$8*$B$11-2*$B$11*H32)/(1-$B$8)^2 -> -0.035546875 | O32: 16 | P32: =-2*PI()*($B$3-L32) -> -0.15025205 | Q32: =-2*PI()*($B$3-M32) -> -0.15025205 | V32: =E34-E33 -> 0.03125 | W32: =H33-E17 -> 0.515625 | X32: =H33-E18 -> 0.484375 | Y32: =H33-E19 -> 0.453125 | Z32: =H33-E20 -> 0.421875 | AA32: =H33-E21 -> 0.390625 | AB32: =H33-E22 -> 0.359375 | AC32: =H33-E23 -> 0.328125 | AD32: =H33-E24 -> 0.296875 | AE32: =H33-E25 -> 0.265625 | AF32: =H33-E26 -> 0.234375 | AG32: =H33-E27 -> 0.203125 | AH32: =H33-E28 -> 0.171875 | AI32: =H33-E29 -> 0.140625 | AJ32: =H33-E30 -> 0.109375 | AK32: =H33-E31 -> 0.078125 | AL32: =H33-E32 -> 0.046875 | AM32: =H33-E33 -> 0.015625 | AN32: =H33-E34 -> -0.015625 | AO32: =H33-E35 -> -0.046875 | AP32: =H33-E36 -> -0.078125 | AQ32: =H33-E37 -> -0.109375 | AR32: =H33-E38 -> -0.140625 | AS32: =H33-E39 -> -0.171875 | AT32: =H33-E40 -> -0.203125 | AU32: =H33-E41 -> -0.234375 | AV32: =H33-E42 -> -0.265625 | AW32: =H33-E43 -> -0.296875 | AX32: =H33-E44 -> -0.328125 | AY32: =H33-E45 -> -0.359375 | AZ32: =H33-E46 -> -0.390625 | BA32: =H33-E47 -> -0.421875 | BB32: =H33-E48 -> -0.453125 | BC32: =H33-$E$49 -> -0.484375 | BE32: 17 | BF32: =BZ98+AO98 -> -0.030934467 | BG32: =CA98+AP98 -> -0.06456096 | BH32: =CB98+AQ98 -> -0.069020291 | BI32: =CC98+AR98 -> -0.074141964 | BJ32: =CD98+AS98 -> -0.080085553 | BK32: =CE98+AT98 -> -0.087066441 | BL32: =CF98+AU98 -> -0.095382593 | BM32: =CG98+AV98 -> -0.10545842 | ... CK32: =DE98+BT98 -> 0.069020291 | CL32: 17 | CM32: 0.00072936841 | CN32: 0.0015381814 | CO32: 0.0021673741 | CP32: 0.0028212856 | CQ32: 0.0035416321 | CR32: 0.0043693362 | CS32: 0.0053517779 | CT32: 0.0065532949 | CU32: 0.008069137 | CV32: 0.010050433 | CW32: 0.01275476 | CX32: 0.01666336 | CY32: 0.022754166 | CZ32: 0.033964724 | DA32: 0.051127714 | DB32: 0.24159937 | DC32: -0.25434086 | DD32: -0.063920313 | DE32: -0.046861426 | DF32: -0.035811889 | DG32: -0.029945443 | DH32: -0.026334214 | DI32: -0.024014461 | DJ32: -0.022525822 | DK32: -0.021642052 | DL32: -0.021260756 | DM32: -0.021366548 | DN32: -0.022036368 | DO32: -0.023494774 | DP32: -0.026416228 | DQ32: -0.031352928 | DR32: -0.069403314
B33: 17 | E33: =$B$6*B32 -> 0.5 | F33: =($B$11/(1-$B$8)^2)*(1-2*$B$8+2*$B$8*E33-E33^2) -> 0.034375 | G33: =($B$11/(1-$B$8)^2)*(1-2*$B$8+2*$B$8*E33-E33^2) -> 0.034375 | H33: =(E34+E33)/2 -> 0.515625 | I33: =(E34+E33)/2 -> 0.515625 | J33: =(F34+F33)/2 -> 0.033758545 | K33: =(G34+G33)/2 -> 0.033758545 | L33: =(2*$B$8*$B$11-2*$B$11*H33)/(1-$B$8)^2 -> -0.039453125 | M33: =(2*$B$8*$B$11-2*$B$11*H33)/(1-$B$8)^2 -> -0.039453125 | O33: 17 | P33: =-2*PI()*($B$3-L33) -> -0.17479574 | Q33: =-2*PI()*($B$3-M33) -> -0.17479574 | V33: =E35-E34 -> 0.03125 | W33: =H34-E17 -> 0.546875 | X33: =H34-E18 -> 0.515625 | Y33: =H34-E19 -> 0.484375 | Z33: =H34-E20 -> 0.453125 | AA33: =H34-E21 -> 0.421875 | AB33: =H34-E22 -> 0.390625 | AC33: =H34-E23 -> 0.359375 | AD33: =H34-E24 -> 0.328125 | AE33: =H34-E25 -> 0.296875 | AF33: =H34-E26 -> 0.265625 | AG33: =H34-E27 -> 0.234375 | AH33: =H34-E28 -> 0.203125 | AI33: =H34-E29 -> 0.171875 | AJ33: =H34-E30 -> 0.140625 | AK33: =H34-E31 -> 0.109375 | AL33: =H34-E32 -> 0.078125 | AM33: =H34-E33 -> 0.046875 | AN33: =H34-E34 -> 0.015625 | AO33: =H34-E35 -> -0.015625 | AP33: =H34-E36 -> -0.046875 | AQ33: =H34-E37 -> -0.078125 | AR33: =H34-E38 -> -0.109375 | AS33: =H34-E39 -> -0.140625 | AT33: =H34-E40 -> -0.171875 | AU33: =H34-E41 -> -0.203125 | AV33: =H34-E42 -> -0.234375 | AW33: =H34-E43 -> -0.265625 | AX33: =H34-E44 -> -0.296875 | AY33: =H34-E45 -> -0.328125 | AZ33: =H34-E46 -> -0.359375 | BA33: =H34-E47 -> -0.390625 | BB33: =H34-E48 -> -0.421875 | BC33: =H34-$E$49 -> -0.453125 | BE33: 18 | BF33: =BZ99+AO99 -> -0.02913175 | BG33: =CA99+AP99 -> -0.060643217 | BH33: =CB99+AQ99 -> -0.06456096 | BI33: =CC99+AR99 -> -0.069020291 | BJ33: =CD99+AS99 -> -0.074141964 | BK33: =CE99+AT99 -> -0.080085553 | BL33: =CF99+AU99 -> -0.087066441 | BM33: =CG99+AV99 -> -0.095382593 | ... CK33: =DE99+BT99 -> 0.074141964 | CL33: 18 | CM33: 0.00064306619 | CN33: 0.0013512931 | CO33: 0.0018950517 | CP33: 0.0024534021 | CQ33: 0.003060291 | CR33: 0.0037472397 | CS33: 0.0045486449 | CT33: 0.0055089594 | CU33: 0.006690869 | CV33: 0.008188581 | CW33: 0.010152491 | CX33: 0.012839605 | CY33: 0.016730671 | CZ33: 0.02280315 | DA33: 0.033994096 | DB33: 0.05113564 | DC33: 0.24158336 | DD33: -0.25438411 | DE33: -0.063995175 | DF33: -0.046973665 | DG33: -0.035969221 | DH33: -0.030158342 | DI33: -0.026617213 | DJ33: -0.024388293 | DK33: -0.023021114 | DL33: -0.022306123 | DM33: -0.022171049 | DN33: -0.022660347 | DO33: -0.023978853 | DP33: -0.026788605 | DQ33: -0.031632246 | DR33: -0.069639036
B34: 18 | E34: =$B$6*B33 -> 0.53125 | F34: =($B$11/(1-$B$8)^2)*(1-2*$B$8+2*$B$8*E34-E34^2) -> 0.03314209 | G34: =($B$11/(1-$B$8)^2)*(1-2*$B$8+2*$B$8*E34-E34^2) -> 0.03314209 | H34: =(E35+E34)/2 -> 0.546875 | I34: =(E35+E34)/2 -> 0.546875 | J34: =(F35+F34)/2 -> 0.0324646 | K34: =(G35+G34)/2 -> 0.0324646 | L34: =(2*$B$8*$B$11-2*$B$11*H34)/(1-$B$8)^2 -> -0.043359375 | M34: =(2*$B$8*$B$11-2*$B$11*H34)/(1-$B$8)^2 -> -0.043359375 | O34: 18 | P34: =-2*PI()*($B$3-L34) -> -0.19933943 | Q34: =-2*PI()*($B$3-M34) -> -0.19933943 | V34: =E36-E35 -> 0.03125 | W34: =H35-E17 -> 0.578125 | X34: =H35-E18 -> 0.546875 | Y34: =H35-E19 -> 0.515625 | Z34: =H35-E20 -> 0.484375 | AA34: =H35-E21 -> 0.453125 | AB34: =H35-E22 -> 0.421875 | AC34: =H35-E23 -> 0.390625 | AD34: =H35-E24 -> 0.359375 | AE34: =H35-E25 -> 0.328125 | AF34: =H35-E26 -> 0.296875 | AG34: =H35-E27 -> 0.265625 | AH34: =H35-E28 -> 0.234375 | AI34: =H35-E29 -> 0.203125 | AJ34: =H35-E30 -> 0.171875 | AK34: =H35-E31 -> 0.140625 | AL34: =H35-E32 -> 0.109375 | AM34: =H35-E33 -> 0.078125 | AN34: =H35-E34 -> 0.046875 | AO34: =H35-E35 -> 0.015625 | AP34: =H35-E36 -> -0.015625 | AQ34: =H35-E37 -> -0.046875 | AR34: =H35-E38 -> -0.078125 | AS34: =H35-E39 -> -0.109375 | AT34: =H35-E40 -> -0.140625 | AU34: =H35-E41 -> -0.171875 | AV34: =H35-E42 -> -0.203125 | AW34: =H35-E43 -> -0.234375 | AX34: =H35-E44 -> -0.265625 | AY34: =H35-E45 -> -0.296875 | AZ34: =H35-E46 -> -0.328125 | BA34: =H35-E47 -> -0.359375 | BB34: =H35-E48 -> -0.390625 | BC34: =H35-$E$49 -> -0.421875 | BE34: 19 | BF34: =BZ100+AO100 -> -0.027527605 | BG34: =CA100+AP100 -> -0.057173996 | BH34: =CB100+AQ100 -> -0.060643217 | BI34: =CC100+AR100 -> -0.06456096 | BJ34: =CD100+AS100 -> -0.069020291 | BK34: =CE100+AT100 -> -0.074141964 | BL34: =CF100+AU100 -> -0.080085553 | BM34: =CG100+AV100 -> -0.087066441 | ... CK34: =DE100+BT100 -> 0.080085553 | CL34: 19 | CM34: 0.00056878088 | CN34: 0.0011913988 | CO34: 0.0016639087 | CP34: 0.0021440046 | CQ34: 0.0026598063 | CR34: 0.0032361949 | CS34: 0.0038988886 | CT34: 0.0046796729 | CU34: 0.005621519 | CV34: 0.0067861702 | CW34: 0.0082671636 | CX34: 0.010214364 | CY34: 0.012884309 | CZ34: 0.016757294 | DA34: 0.0228103 | DB34: 0.033979835 | DC34: 0.051097377 | DD34: 0.24151769 | DE34: -0.25448167 | DF34: -0.064130502 | DG34: -0.047154616 | DH34: -0.036206434 | DI34: -0.030466553 | DJ34: -0.027017412 | DK34: -0.024911453 | DL34: -0.023715041 | DM34: -0.023248987 | DN34: -0.023501311 | DO34: -0.024645268 | DP34: -0.027325899 | DQ34: -0.032074003 | DR34: -0.070167363
B35: 19 | E35: =$B$6*B34 -> 0.5625 | F35: =($B$11/(1-$B$8)^2)*(1-2*$B$8+2*$B$8*E35-E35^2) -> 0.031787109 | G35: =($B$11/(1-$B$8)^2)*(1-2*$B$8+2*$B$8*E35-E35^2) -> 0.031787109 | H35: =(E36+E35)/2 -> 0.578125 | I35: =(E36+E35)/2 -> 0.578125 | J35: =(F36+F35)/2 -> 0.031048584 | K35: =(G36+G35)/2 -> 0.031048584 | L35: =(2*$B$8*$B$11-2*$B$11*H35)/(1-$B$8)^2 -> -0.047265625 | M35: =(2*$B$8*$B$11-2*$B$11*H35)/(1-$B$8)^2 -> -0.047265625 | O35: 19 | P35: =-2*PI()*($B$3-L35) -> -0.22388313 | Q35: =-2*PI()*($B$3-M35) -> -0.22388313 | V35: =E37-E36 -> 0.03125 | W35: =H36-E17 -> 0.609375 | X35: =H36-E18 -> 0.578125 | Y35: =H36-E19 -> 0.546875 | Z35: =H36-E20 -> 0.515625 | AA35: =H36-E21 -> 0.484375 | AB35: =H36-E22 -> 0.453125 | AC35: =H36-E23 -> 0.421875 | AD35: =H36-E24 -> 0.390625 | AE35: =H36-E25 -> 0.359375 | AF35: =H36-E26 -> 0.328125 | AG35: =H36-E27 -> 0.296875 | AH35: =H36-E28 -> 0.265625 | AI35: =H36-E29 -> 0.234375 | AJ35: =H36-E30 -> 0.203125 | AK35: =H36-E31 -> 0.171875 | AL35: =H36-E32 -> 0.140625 | AM35: =H36-E33 -> 0.109375 | AN35: =H36-E34 -> 0.078125 | AO35: =H36-E35 -> 0.046875 | AP35: =H36-E36 -> 0.015625 | AQ35: =H36-E37 -> -0.015625 | AR35: =H36-E38 -> -0.046875 | AS35: =H36-E39 -> -0.078125 | AT35: =H36-E40 -> -0.109375 | AU35: =H36-E41 -> -0.140625 | AV35: =H36-E42 -> -0.171875 | AW35: =H36-E43 -> -0.203125 | AX35: =H36-E44 -> -0.234375 | AY35: =H36-E45 -> -0.265625 | AZ35: =H36-E46 -> -0.296875 | BA35: =H36-E47 -> -0.328125 | BB35: =H36-E48 -> -0.359375 | BC35: =H36-$E$49 -> -0.390625 | BE35: 20 | BF35: =BZ101+AO101 -> -0.026090931 | BG35: =CA101+AP101 -> -0.054080408 | BH35: =CB101+AQ101 -> -0.057173996 | BI35: =CC101+AR101 -> -0.060643217 | BJ35: =CD101+AS101 -> -0.06456096 | BK35: =CE101+AT101 -> -0.069020291 | BL35: =CF101+AU101 -> -0.074141964 | BM35: =CG101+AV101 -> -0.080085553 | ... CK35: =DE101+BT101 -> 0.087066441 | CL35: 20 | CM35: 0.00050420228 | CN35: 0.0010531477 | CO35: 0.0014654578 | CP35: 0.0018805009 | CQ35: 0.0023218958 | CR35: 0.0028096757 | CS35: 0.0033635457 | CT35: 0.0040068855 | CU35: 0.0047701464 | CV35: 0.0056954434 | CW35: 0.0068439029 | CX35: 0.008308565 | CY35: 0.010238849 | CZ35: 0.012890854 | DA35: 0.016744402 | DB35: 0.022775932 | DC35: 0.033921299 | DD35: 0.051011155 | DE35: 0.24139919 | DF35: -0.25463846 | DG35: -0.064333609 | DH35: -0.047414868 | DI35: -0.036538815 | DJ35: -0.030892382 | DK35: -0.027568115 | DL35: -0.025635493 | DM35: -0.024691599 | DN35: -0.024618213 | DO35: -0.025533556 | DP35: -0.028055543 | DQ35: -0.032697907 | DR35: -0.071008582
B36: 20 | E36: =$B$6*B35 -> 0.59375 | F36: =($B$11/(1-$B$8)^2)*(1-2*$B$8+2*$B$8*E36-E36^2) -> 0.030310059 | G36: =($B$11/(1-$B$8)^2)*(1-2*$B$8+2*$B$8*E36-E36^2) -> 0.030310059 | H36: =(E37+E36)/2 -> 0.609375 | I36: =(E37+E36)/2 -> 0.609375 | J36: =(F37+F36)/2 -> 0.029510498 | K36: =(G37+G36)/2 -> 0.029510498 | L36: =(2*$B$8*$B$11-2*$B$11*H36)/(1-$B$8)^2 -> -0.051171875 | M36: =(2*$B$8*$B$11-2*$B$11*H36)/(1-$B$8)^2 -> -0.051171875 | O36: 20 | P36: =-2*PI()*($B$3-L36) -> -0.24842682 | Q36: =-2*PI()*($B$3-M36) -> -0.24842682 | V36: =E38-E37 -> 0.03125 | W36: =H37-E17 -> 0.640625 | X36: =H37-E18 -> 0.609375 | Y36: =H37-E19 -> 0.578125 | Z36: =H37-E20 -> 0.546875 | AA36: =H37-E21 -> 0.515625 | AB36: =H37-E22 -> 0.484375 | AC36: =H37-E23 -> 0.453125 | AD36: =H37-E24 -> 0.421875 | AE36: =H37-E25 -> 0.390625 | AF36: =H37-E26 -> 0.359375 | AG36: =H37-E27 -> 0.328125 | AH36: =H37-E28 -> 0.296875 | AI36: =H37-E29 -> 0.265625 | AJ36: =H37-E30 -> 0.234375 | AK36: =H37-E31 -> 0.203125 | AL36: =H37-E32 -> 0.171875 | AM36: =H37-E33 -> 0.140625 | AN36: =H37-E34 -> 0.109375 | AO36: =H37-E35 -> 0.078125 | AP36: =H37-E36 -> 0.046875 | AQ36: =H37-E37 -> 0.015625 | AR36: =H37-E38 -> -0.015625 | AS36: =H37-E39 -> -0.046875 | AT36: =H37-E40 -> -0.078125 | AU36: =H37-E41 -> -0.109375 | AV36: =H37-E42 -> -0.140625 | AW36: =H37-E43 -> -0.171875 | AX36: =H37-E44 -> -0.203125 | AY36: =H37-E45 -> -0.234375 | AZ36: =H37-E46 -> -0.265625 | BA36: =H37-E47 -> -0.296875 | BB36: =H37-E48 -> -0.328125 | BC36: =H37-$E$49 -> -0.359375 | BE36: 21 | BF36: =BZ102+AO102 -> -0.024796799 | BG36: =CA102+AP102 -> -0.051304552 | BH36: =CB102+AQ102 -> -0.054080408 | BI36: =CC102+AR102 -> -0.057173996 | BJ36: =CD102+AS102 -> -0.060643217 | BK36: =CE102+AT102 -> -0.06456096 | BL36: =CF102+AU102 -> -0.069020291 | BM36: =CG102+AV102 -> -0.074141964 | ... CK36: =DE102+BT102 -> 0.095382593 | CL36: 21 | CM36: 0.00044753801 | CN36: 0.00093243038 | CO36: 0.0012932663 | CP36: 0.0016534946 | CQ36: 0.0020331655 | CR36: 0.0024486674 | CS36: 0.0029154052 | CT36: 0.0034509838 | CU36: 0.0040775773 | CV36: 0.0048248549 | CW36: 0.0057343607 | CX36: 0.0068667528 | CY36: 0.0083146444 | CZ36: 0.010227026 | DA36: 0.012859528 | DB36: 0.016691432 | DC36: 0.022698518 | DD36: 0.033815806 | DE36: 0.050872865 | DF36: 0.24122192 | DG36: -0.25486291 | DH36: -0.0646163 | DI36: -0.047771094 | DJ36: -0.036990302 | DK36: -0.031471131 | DL36: -0.028323437 | DM36: -0.0266479 | DN36: -0.026103503 | DO36: -0.026704171 | DP36: -0.029019133 | DQ36: -0.033534263 | DR36: -0.072196693
B37: 21 | E37: =$B$6*B36 -> 0.625 | F37: =($B$11/(1-$B$8)^2)*(1-2*$B$8+2*$B$8*E37-E37^2) -> 0.028710937 | G37: =($B$11/(1-$B$8)^2)*(1-2*$B$8+2*$B$8*E37-E37^2) -> 0.028710937 | H37: =(E38+E37)/2 -> 0.640625 | I37: =(E38+E37)/2 -> 0.640625 | J37: =(F38+F37)/2 -> 0.027850342 | K37: =(G38+G37)/2 -> 0.027850342 | L37: =(2*$B$8*$B$11-2*$B$11*H37)/(1-$B$8)^2 -> -0.055078125 | M37: =(2*$B$8*$B$11-2*$B$11*H37)/(1-$B$8)^2 -> -0.055078125 | O37: 21 | P37: =-2*PI()*($B$3-L37) -> -0.27297051 | Q37: =-2*PI()*($B$3-M37) -> -0.27297051 | V37: =E39-E38 -> 0.03125 | W37: =H38-E17 -> 0.671875 | X37: =H38-E18 -> 0.640625 | Y37: =H38-E19 -> 0.609375 | Z37: =H38-E20 -> 0.578125 | AA37: =H38-E21 -> 0.546875 | AB37: =H38-E22 -> 0.515625 | AC37: =H38-E23 -> 0.484375 | AD37: =H38-E24 -> 0.453125 | AE37: =H38-E25 -> 0.421875 | AF37: =H38-E26 -> 0.390625 | AG37: =H38-E27 -> 0.359375 | AH37: =H38-E28 -> 0.328125 | AI37: =H38-E29 -> 0.296875 | AJ37: =H38-E30 -> 0.265625 | AK37: =H38-E31 -> 0.234375 | AL37: =H38-E32 -> 0.203125 | AM37: =H38-E33 -> 0.171875 | AN37: =H38-E34 -> 0.140625 | AO37: =H38-E35 -> 0.109375 | AP37: =H38-E36 -> 0.078125 | AQ37: =H38-E37 -> 0.046875 | AR37: =H38-E38 -> 0.015625 | AS37: =H38-E39 -> -0.015625 | AT37: =H38-E40 -> -0.046875 | AU37: =H38-E41 -> -0.078125 | AV37: =H38-E42 -> -0.109375 | AW37: =H38-E43 -> -0.140625 | AX37: =H38-E44 -> -0.171875 | AY37: =H38-E45 -> -0.203125 | AZ37: =H38-E46 -> -0.234375 | BA37: =H38-E47 -> -0.265625 | BB37: =H38-E48 -> -0.296875 | BC37: =H38-$E$49 -> -0.328125 | BE37: 22 | BF37: =BZ103+AO103 -> -0.023624996 | BG37: =CA103+AP103 -> -0.048799852 | BH37: =CB103+AQ103 -> -0.051304552 | BI37: =CC103+AR103 -> -0.054080408 | BJ37: =CD103+AS103 -> -0.057173996 | BK37: =CE103+AT103 -> -0.060643217 | BL37: =CF103+AU103 -> -0.06456096 | BM37: =CG103+AV103 -> -0.069020291 | ... CK37: =DE103+BT103 -> 0.10545842 | CL37: 22 | CM37: 0.00039737373 | CN37: 0.00082603378 | CO37: 0.0011423654 | CP37: 0.001455828 | CQ37: 0.0017835764 | CR37: 0.0021391854 | CS37: 0.0025348977 | CT37: 0.0029842275 | CU37: 0.0035036863 | CV37: 0.0041147312 | CW37: 0.0048464995 | CX37: 0.0057400915 | CY37: 0.0068557524 | CZ37: 0.0082856736 | DA37: 0.01017838 | DB37: 0.012788958 | DC37: 0.016596021 | DD37: 0.022574503 | DE37: 0.033658319 | DF37: 0.050675545 | DG37: 0.24097635 | DH37: -0.25516808 | DI37: -0.064996732 | DJ37: -0.048249017 | DK37: -0.037598437 | DL37: -0.032259859 | DM37: -0.029374966 | DN37: -0.028107558 | DO37: -0.028251329 | DP37: -0.030279691 | DQ37: -0.034628397 | DR37: -0.073783461
B38: 22 | E38: =$B$6*B37 -> 0.65625 | F38: =($B$11/(1-$B$8)^2)*(1-2*$B$8+2*$B$8*E38-E38^2) -> 0.026989746 | G38: =($B$11/(1-$B$8)^2)*(1-2*$B$8+2*$B$8*E38-E38^2) -> 0.026989746 | H38: =(E39+E38)/2 -> 0.671875 | I38: =(E39+E38)/2 -> 0.671875 | J38: =(F39+F38)/2 -> 0.026068115 | K38: =(G39+G38)/2 -> 0.026068115 | L38: =(2*$B$8*$B$11-2*$B$11*H38)/(1-$B$8)^2 -> -0.058984375 | M38: =(2*$B$8*$B$11-2*$B$11*H38)/(1-$B$8)^2 -> -0.058984375 | O38: 22 | P38: =-2*PI()*($B$3-L38) -> -0.2975142 | Q38: =-2*PI()*($B$3-M38) -> -0.2975142 | V38: =E40-E39 -> 0.03125 | W38: =H39-E17 -> 0.703125 | X38: =H39-E18 -> 0.671875 | Y38: =H39-E19 -> 0.640625 | Z38: =H39-E20 -> 0.609375 | AA38: =H39-E21 -> 0.578125 | AB38: =H39-E22 -> 0.546875 | AC38: =H39-E23 -> 0.515625 | AD38: =H39-E24 -> 0.484375 | AE38: =H39-E25 -> 0.453125 | AF38: =H39-E26 -> 0.421875 | AG38: =H39-E27 -> 0.390625 | AH38: =H39-E28 -> 0.359375 | AI38: =H39-E29 -> 0.328125 | AJ38: =H39-E30 -> 0.296875 | AK38: =H39-E31 -> 0.265625 | AL38: =H39-E32 -> 0.234375 | AM38: =H39-E33 -> 0.203125 | AN38: =H39-E34 -> 0.171875 | AO38: =H39-E35 -> 0.140625 | AP38: =H39-E36 -> 0.109375 | AQ38: =H39-E37 -> 0.078125 | AR38: =H39-E38 -> 0.046875 | AS38: =H39-E39 -> 0.015625 | AT38: =H39-E40 -> -0.015625 | AU38: =H39-E41 -> -0.046875 | AV38: =H39-E42 -> -0.078125 | AW38: =H39-E43 -> -0.109375 | AX38: =H39-E44 -> -0.140625 | AY38: =H39-E45 -> -0.171875 | AZ38: =H39-E46 -> -0.203125 | BA38: =H39-E47 -> -0.234375 | BB38: =H39-E48 -> -0.265625 | BC38: =H39-$E$49 -> -0.296875 | BE38: 23 | BF38: =BZ104+AO104 -> -0.022558957 | BG38: =CA104+AP104 -> -0.046528412 | BH38: =CB104+AQ104 -> -0.048799852 | BI38: =CC104+AR104 -> -0.051304552 | BJ38: =CD104+AS104 -> -0.054080408 | BK38: =CE104+AT104 -> -0.057173996 | BL38: =CF104+AU104 -> -0.060643217 | BM38: =CG104+AV104 -> -0.06456096 | ... CK38: =DE104+BT104 -> 0.11791996 | CL38: 23 | CM38: 0.00035257387 | CN38: 0.00073140063 | CO38: 0.0010088445 | CP38: 0.0012819393 | CQ38: 0.0015654411 | CR38: 0.0018706999 | CS38: 0.0022075732 | CT38: 0.0025865985 | CU38: 0.0030202958 | CV38: 0.0035245159 | CW38: 0.0041202176 | CX38: 0.0048361142 | CY38: 0.0057129041 | CZ38: 0.006810415 | DA38: 0.0082203715 | DB38: 0.010090748 | DC38: 0.012675951 | DD38: 0.01645373 | DE38: 0.022397887 | DF38: 0.033440807 | DG38: 0.050408456 | DH38: 0.240648 | DI38: -0.25557381 | DJ38: -0.065502685 | DK38: -0.048888804 | DL38: -0.038423773 | DM38: -0.033355085 | DN38: -0.030889098 | DO38: -0.030327616 | DP38: -0.031934781 | DQ38: -0.036048314 | DR38: -0.075845286
B39: 23 | E39: =$B$6*B38 -> 0.6875 | F39: =($B$11/(1-$B$8)^2)*(1-2*$B$8+2*$B$8*E39-E39^2) -> 0.025146484 | G39: =($B$11/(1-$B$8)^2)*(1-2*$B$8+2*$B$8*E39-E39^2) -> 0.025146484 | H39: =(E40+E39)/2 -> 0.703125 | I39: =(E40+E39)/2 -> 0.703125 | J39: =(F40+F39)/2 -> 0.024163818 | K39: =(G40+G39)/2 -> 0.024163818 | L39: =(2*$B$8*$B$11-2*$B$11*H39)/(1-$B$8)^2 -> -0.062890625 | M39: =(2*$B$8*$B$11-2*$B$11*H39)/(1-$B$8)^2 -> -0.062890625 | O39: 23 | P39: =-2*PI()*($B$3-L39) -> -0.3220579 | Q39: =-2*PI()*($B$3-M39) -> -0.3220579 | V39: =E41-E40 -> 0.03125 | W39: =H40-E17 -> 0.734375 | X39: =H40-E18 -> 0.703125 | Y39: =H40-E19 -> 0.671875 | Z39: =H40-E20 -> 0.640625 | AA39: =H40-E21 -> 0.609375 | AB39: =H40-E22 -> 0.578125 | AC39: =H40-E23 -> 0.546875 | AD39: =H40-E24 -> 0.515625 | AE39: =H40-E25 -> 0.484375 | AF39: =H40-E26 -> 0.453125 | AG39: =H40-E27 -> 0.421875 | AH39: =H40-E28 -> 0.390625 | AI39: =H40-E29 -> 0.359375 | AJ39: =H40-E30 -> 0.328125 | AK39: =H40-E31 -> 0.296875 | AL39: =H40-E32 -> 0.265625 | AM39: =H40-E33 -> 0.234375 | AN39: =H40-E34 -> 0.203125 | AO39: =H40-E35 -> 0.171875 | AP39: =H40-E36 -> 0.140625 | AQ39: =H40-E37 -> 0.109375 | AR39: =H40-E38 -> 0.078125 | AS39: =H40-E39 -> 0.046875 | AT39: =H40-E40 -> 0.015625 | AU39: =H40-E41 -> -0.015625 | AV39: =H40-E42 -> -0.046875 | AW39: =H40-E43 -> -0.078125 | AX39: =H40-E44 -> -0.109375 | AY39: =H40-E45 -> -0.140625 | AZ39: =H40-E46 -> -0.171875 | BA39: =H40-E47 -> -0.203125 | BB39: =H40-E48 -> -0.234375 | BC39: =H40-$E$49 -> -0.265625 | BE39: 24 | BF39: =BZ105+AO105 -> -0.021584981 | BG39: =CA105+AP105 -> -0.044459088 | BH39: =CB105+AQ105 -> -0.046528412 | BI39: =CC105+AR105 -> -0.048799852 | BJ39: =CD105+AS105 -> -0.051304552 | BK39: =CE105+AT105 -> -0.054080408 | BL39: =CF105+AU105 -> -0.057173996 | BM39: =CG105+AV105 -> -0.060643217 | ... CK39: =DE105+BT105 -> 0.13373123 | CL39: 24 | CM39: 0.00031220904 | CN39: 0.00064645558 | CO39: 0.0008895643 | CP39: 0.001127417 | CQ39: 0.0013727444 | CR39: 0.0016350978 | CS39: 0.0019224932 | CT39: 0.0022432481 | CU39: 0.002606993 | CV39: 0.0030256365 | CW39: 0.0035145598 | CX39: 0.0040943137 | CY39: 0.0047932171 | CZ39: 0.0056515516 | DA39: 0.0067286738 | DB39: 0.0081157471 | DC39: 0.0099600506 | DD39: 0.012515103 | DE39: 0.016257488 | DF39: 0.02215943 | DG39: 0.03315114 | DH39: 0.05005548 | DI39: 0.24021506 | DJ39: -0.25611033 | DK39: -0.066177494 | DL39: -0.049755274 | DM39: -0.039568905 | DN39: -0.034932524 | DO39: -0.033194659 | DP39: -0.034141515 | DQ39: -0.03789843 | DR39: -0.078494875
B40: 24 | E40: =$B$6*B39 -> 0.71875 | F40: =($B$11/(1-$B$8)^2)*(1-2*$B$8+2*$B$8*E40-E40^2) -> 0.023181152 | G40: =($B$11/(1-$B$8)^2)*(1-2*$B$8+2*$B$8*E40-E40^2)-$B$10*(E40-(1-$B$7)) -> 0.023181152 | H40: =(E41+E40)/2 -> 0.734375 | I40: =(E41+E40)/2 -> 0.734375 | J40: =(F41+F40)/2 -> 0.022137451 | K40: =(G41+G40)/2 -> 0.022137451 | L40: =(2*$B$8*$B$11-2*$B$11*H40)/(1-$B$8)^2 -> -0.066796875 | M40: =(2*$B$8*$B$11-2*$B$11*H40)/(1-$B$8)^2 -> -0.066796875 | O40: 24 | P40: =-2*PI()*($B$3-L40) -> -0.34660159 | Q40: =-2*PI()*($B$3-M40) -> -0.34660159 | V40: =E42-E41 -> 0.03125 | W40: =H41-E17 -> 0.765625 | X40: =H41-E18 -> 0.734375 | Y40: =H41-E19 -> 0.703125 | Z40: =H41-E20 -> 0.671875 | AA40: =H41-E21 -> 0.640625 | AB40: =H41-E22 -> 0.609375 | AC40: =H41-E23 -> 0.578125 | AD40: =H41-E24 -> 0.546875 | AE40: =H41-E25 -> 0.515625 | AF40: =H41-E26 -> 0.484375 | AG40: =H41-E27 -> 0.453125 | AH40: =H41-E28 -> 0.421875 | AI40: =H41-E29 -> 0.390625 | AJ40: =H41-E30 -> 0.359375 | AK40: =H41-E31 -> 0.328125 | AL40: =H41-E32 -> 0.296875 | AM40: =H41-E33 -> 0.265625 | AN40: =H41-E34 -> 0.234375 | AO40: =H41-E35 -> 0.203125 | AP40: =H41-E36 -> 0.171875 | AQ40: =H41-E37 -> 0.140625 | AR40: =H41-E38 -> 0.109375 | AS40: =H41-E39 -> 0.078125 | AT40: =H41-E40 -> 0.046875 | AU40: =H41-E41 -> 0.015625 | AV40: =H41-E42 -> -0.015625 | AW40: =H41-E43 -> -0.046875 | AX40: =H41-E44 -> -0.078125 | AY40: =H41-E45 -> -0.109375 | AZ40: =H41-E46 -> -0.140625 | BA40: =H41-E47 -> -0.171875 | BB40: =H41-E48 -> -0.203125 | BC40: =H41-$E$49 -> -0.234375 | BE40: 25 | BF40: =BZ106+AO106 -> -0.020691635 | BG40: =CA106+AP106 -> -0.042566043 | BH40: =CB106+AQ106 -> -0.044459088 | BI40: =CC106+AR106 -> -0.046528412 | BJ40: =CD106+AS106 -> -0.048799852 | BK40: =CE106+AT106 -> -0.051304552 | BL40: =CF106+AU106 -> -0.054080408 | BM40: =CG106+AV106 -> -0.057173996 | ... CK40: =DE106+BT106 -> 0.15445886 | CL40: 25 | CM40: 0.0002755006 | CN40: 0.00056947486 | CO40: 0.00078194519 | CP40: 0.00098867931 | CQ40: 0.0012006664 | CR40: 0.0014259733 | CS40: 0.001671162 | CT40: 0.0019428565 | CU40: 0.0022485448 | CV40: 0.002597289 | CW40: 0.0030005518 | CX40: 0.0034733184 | CY40: 0.0040357491 | CZ40: 0.0047157437 | DA40: 0.0055531041 | DB40: 0.0066066112 | DC40: 0.0079667115 | DD40: 0.0097797653 | DE40: 0.012298082 | DF40: 0.015996612 | DG40: 0.02184532 | DH40: 0.032771195 | DI40: 0.049592367 | DJ40: 0.23964422 | DK40: -0.25682496 | DL40: -0.06709136 | DM40: -0.050958703 | DN40: -0.041221351 | DO40: -0.037340866 | DP40: -0.037167872 | DQ40: -0.040345558 | DR40: -0.08190165
B41: 25 | E41: =$B$6*B40 -> 0.75 | F41: =($B$11/(1-$B$8)^2)*(1-2*$B$8+2*$B$8*E41-E41^2) -> 0.02109375 | G41: =($B$11/(1-$B$8)^2)*(1-2*$B$8+2*$B$8*E41-E41^2)-$B$10*(E41-(1-$B$7)) -> 0.02109375 | H41: =(E42+E41)/2 -> 0.765625 | I41: =(E42+E41)/2 -> 0.765625 | J41: =(F42+F41)/2 -> 0.019989014 | K41: =(G42+G41)/2 -> 0.019989014 | L41: =(2*$B$8*$B$11-2*$B$11*H41)/(1-$B$8)^2 -> -0.070703125 | M41: =(2*$B$8*$B$11-2*$B$11*H41)/(1-$B$8)^2-$B$10 -> -0.070703125 | O41: 25 | P41: =-2*PI()*($B$3-L41) -> -0.37114528 | Q41: =-2*PI()*($B$3-M41) -> -0.37114528 | V41: =E43-E42 -> 0.03125 | W41: =H42-E17 -> 0.796875 | X41: =H42-E18 -> 0.765625 | Y41: =H42-E19 -> 0.734375 | Z41: =H42-E20 -> 0.703125 | AA41: =H42-E21 -> 0.671875 | AB41: =H42-E22 -> 0.640625 | AC41: =H42-E23 -> 0.609375 | AD41: =H42-E24 -> 0.578125 | AE41: =H42-E25 -> 0.546875 | AF41: =H42-E26 -> 0.515625 | AG41: =H42-E27 -> 0.484375 | AH41: =H42-E28 -> 0.453125 | AI41: =H42-E29 -> 0.421875 | AJ41: =H42-E30 -> 0.390625 | AK41: =H42-E31 -> 0.359375 | AL41: =H42-E32 -> 0.328125 | AM41: =H42-E33 -> 0.296875 | AN41: =H42-E34 -> 0.265625 | AO41: =H42-E35 -> 0.234375 | AP41: =H42-E36 -> 0.203125 | AQ41: =H42-E37 -> 0.171875 | AR41: =H42-E38 -> 0.140625 | AS41: =H42-E39 -> 0.109375 | AT41: =H42-E40 -> 0.078125 | AU41: =H42-E41 -> 0.046875 | AV41: =H42-E42 -> 0.015625 | AW41: =H42-E43 -> -0.015625 | AX41: =H42-E44 -> -0.046875 | AY41: =H42-E45 -> -0.078125 | AZ41: =H42-E46 -> -0.109375 | BA41: =H42-E47 -> -0.140625 | BB41: =H42-E48 -> -0.171875 | BC41: =H42-$E$49 -> -0.203125 | BE41: 26 | BF41: =BZ107+AO107 -> -0.019869302 | BG41: =CA107+AP107 -> -0.040827667 | BH41: =CB107+AQ107 -> -0.042566043 | BI41: =CC107+AR107 -> -0.044459088 | BJ41: =CD107+AS107 -> -0.046528412 | BK41: =CE107+AT107 -> -0.048799852 | BL41: =CF107+AU107 -> -0.051304552 | BM41: =CG107+AV107 -> -0.054080408 | ... CK41: =DE107+BT107 -> 0.18283342 | CL41: 26 | CM41: 0.00024177548 | CN41: 0.00049898209 | CO41: 0.00068380297 | CP41: 0.00086273055 | CQ41: 0.0010452303 | CR41: 0.0012381179 | CS41: 0.0014467836 | CT41: 0.0016765304 | CU41: 0.0019332213 | CV41: 0.0022238129 | CW41: 0.0025569407 | CX41: 0.0029436795 | CY41: 0.003398624 | CZ41: 0.0039415088 | DA41: 0.0045997407 | DB41: 0.0054125256 | DC41: 0.0064378991 | DD41: 0.0077653495 | DE41: 0.0095399731 | DF41: 0.012012372 | DG41: 0.015655131 | DH41: 0.021434846 | DI41: 0.032273551 | DJ41: 0.048981819 | DK41: 0.23888299 | DL41: -0.25779491 | DM41: -0.068364563 | DN41: -0.052701951 | DO41: -0.043755545 | DP41: -0.041511531 | DQ41: -0.043671922 | DR41: -0.086329371
B42: 26 | E42: =$B$6*B41 -> 0.78125 | F42: =($B$11/(1-$B$8)^2)*(1-2*$B$8+2*$B$8*E42-E42^2) -> 0.018884277 | G42: =($B$11/(1-$B$8)^2)*(1-2*$B$8+2*$B$8*E42-E42^2)-$B$10*(E42-(1-$B$7)) -> 0.018884277 | H42: =(E43+E42)/2 -> 0.796875 | I42: =(E43+E42)/2 -> 0.796875 | J42: =(F43+F42)/2 -> 0.017718506 | K42: =(G43+G42)/2 -> 0.017718506 | L42: =(2*$B$8*$B$11-2*$B$11*H42)/(1-$B$8)^2 -> -0.074609375 | M42: =(2*$B$8*$B$11-2*$B$11*H42)/(1-$B$8)^2-$B$10 -> -0.074609375 | O42: 26 | P42: =-2*PI()*($B$3-L42) -> -0.39568897 | Q42: =-2*PI()*($B$3-M42) -> -0.39568897 | V42: =E44-E43 -> 0.03125 | W42: =H43-E17 -> 0.828125 | X42: =H43-E18 -> 0.796875 | Y42: =H43-E19 -> 0.765625 | Z42: =H43-E20 -> 0.734375 | AA42: =H43-E21 -> 0.703125 | AB42: =H43-E22 -> 0.671875 | AC42: =H43-E23 -> 0.640625 | AD42: =H43-E24 -> 0.609375 | AE42: =H43-E25 -> 0.578125 | AF42: =H43-E26 -> 0.546875 | AG42: =H43-E27 -> 0.515625 | AH42: =H43-E28 -> 0.484375 | AI42: =H43-E29 -> 0.453125 | AJ42: =H43-E30 -> 0.421875 | AK42: =H43-E31 -> 0.390625 | AL42: =H43-E32 -> 0.359375 | AM42: =H43-E33 -> 0.328125 | AN42: =H43-E34 -> 0.296875 | AO42: =H43-E35 -> 0.265625 | AP42: =H43-E36 -> 0.234375 | AQ42: =H43-E37 -> 0.203125 | AR42: =H43-E38 -> 0.171875 | AS42: =H43-E39 -> 0.140625 | AT42: =H43-E40 -> 0.109375 | AU42: =H43-E41 -> 0.078125 | AV42: =H43-E42 -> 0.046875 | AW42: =H43-E43 -> 0.015625 | AX42: =H43-E44 -> -0.015625 | AY42: =H43-E45 -> -0.046875 | AZ42: =H43-E46 -> -0.078125 | BA42: =H43-E47 -> -0.109375 | BB42: =H43-E48 -> -0.140625 | BC42: =H43-$E$49 -> -0.171875 | BE42: 27 | BF42: =BZ108+AO108 -> -0.019109839 | BG42: =CA108+AP108 -> -0.039225744 | BH42: =CB108+AQ108 -> -0.040827667 | BI42: =CC108+AR108 -> -0.042566043 | BJ42: =CD108+AS108 -> -0.044459088 | BK42: =CE108+AT108 -> -0.046528412 | BL42: =CF108+AU108 -> -0.048799852 | BM42: =CG108+AV108 -> -0.051304552 | ... CK42: =DE108+BT108 -> 0.22408833 | CL42: 27 | CM42: 0.00021042483 | CN42: 0.0004336554 | CO42: 0.00059320671 | CP42: 0.00074695819 | CQ42: 0.00090301766 | CR42: 0.001067125 | CS42: 0.0012437048 | CT42: 0.0014370076 | CU42: 0.0016516366 | CV42: 0.0018929543 | CW42: 0.0021675051 | CX42: 0.00248354 | CY42: 0.0028517391 | CZ42: 0.0032862594 | DA42: 0.0038063231 | DB42: 0.0044387138 | DC42: 0.0052218541 | DD42: 0.0062127696 | DE42: 0.007499615 | DF42: 0.0092256836 | DG42: 0.011639078 | DH42: 0.015208821 | DI42: 0.020896272 | DJ42: 0.031615479 | DK42: 0.04816429 | DL42: 0.23784463 | DM42: -0.259154 | DN42: -0.070220603 | DO42: -0.055393877 | DP42: -0.048175992 | DQ42: -0.048397084 | DR42: -0.092210506
B43: 27 | E43: =$B$6*B42 -> 0.8125 | F43: =($B$11/(1-$B$8)^2)*(1-2*$B$8+2*$B$8*E43-E43^2) -> 0.016552734 | G43: =($B$11/(1-$B$8)^2)*(1-2*$B$8+2*$B$8*E43-E43^2)-$B$10*(E43-(1-$B$7)) -> 0.016552734 | H43: =(E44+E43)/2 -> 0.828125 | I43: =(E44+E43)/2 -> 0.828125 | J43: =(F44+F43)/2 -> 0.015325928 | K43: =(G44+G43)/2 -> 0.015325928 | L43: =(2*$B$8*$B$11-2*$B$11*H43)/(1-$B$8)^2 -> -0.078515625 | M43: =(2*$B$8*$B$11-2*$B$11*H43)/(1-$B$8)^2-$B$10 -> -0.078515625 | O43: 27 | P43: =-2*PI()*($B$3-L43) -> -0.42023267 | Q43: =-2*PI()*($B$3-M43) -> -0.42023267 | V43: =E45-E44 -> 0.03125 | W43: =H44-E17 -> 0.859375 | X43: =H44-E18 -> 0.828125 | Y43: =H44-E19 -> 0.796875 | Z43: =H44-E20 -> 0.765625 | AA43: =H44-E21 -> 0.734375 | AB43: =H44-E22 -> 0.703125 | AC43: =H44-E23 -> 0.671875 | AD43: =H44-E24 -> 0.640625 | AE43: =H44-E25 -> 0.609375 | AF43: =H44-E26 -> 0.578125 | AG43: =H44-E27 -> 0.546875 | AH43: =H44-E28 -> 0.515625 | AI43: =H44-E29 -> 0.484375 | AJ43: =H44-E30 -> 0.453125 | AK43: =H44-E31 -> 0.421875 | AL43: =H44-E32 -> 0.390625 | AM43: =H44-E33 -> 0.359375 | AN43: =H44-E34 -> 0.328125 | AO43: =H44-E35 -> 0.296875 | AP43: =H44-E36 -> 0.265625 | AQ43: =H44-E37 -> 0.234375 | AR43: =H44-E38 -> 0.203125 | AS43: =H44-E39 -> 0.171875 | AT43: =H44-E40 -> 0.140625 | AU43: =H44-E41 -> 0.109375 | AV43: =H44-E42 -> 0.078125 | AW43: =H44-E43 -> 0.046875 | AX43: =H44-E44 -> 0.015625 | AY43: =H44-E45 -> -0.015625 | AZ43: =H44-E46 -> -0.046875 | BA43: =H44-E47 -> -0.078125 | BB43: =H44-E48 -> -0.109375 | BC43: =H44-$E$49 -> -0.140625 | BE43: 28 | BF43: =BZ109+AO109 -> -0.0184063 | BG43: =CA109+AP109 -> -0.03774481 | BH43: =CB109+AQ109 -> -0.039225744 | BI43: =CC109+AR109 -> -0.040827667 | BJ43: =CD109+AS109 -> -0.042566043 | BK43: =CE109+AT109 -> -0.044459088 | BL43: =CF109+AU109 -> -0.046528412 | BM43: =CG109+AV109 -> -0.048799852 | ... CK43: =DE109+BT109 -> 0.28973434 | CL43: 28 | CM43: 0.00018085817 | CN43: 0.00037222798 | CO43: 0.0005083326 | CP43: 0.00063893256 | CQ43: 0.00077090194 | CR43: 0.0009090347 | CS43: 0.0010569412 | CT43: 0.0012180144 | CU43: 0.001395858 | CV43: 0.0015945996 | CW43: 0.0018191983 | CX43: 0.0020758124 | CY43: 0.0023722876 | CZ43: 0.0027188471 | DA43: 0.0031291085 | DB43: 0.0036216326 | DC43: 0.0042223688 | DD43: 0.0049686613 | DE43: 0.0059161098 | DF43: 0.0071509393 | DG43: 0.0088137667 | DH43: 0.011148881 | DI43: 0.014619698 | DJ43: 0.020179027 | DK43: 0.030727293 | DL43: 0.047039425 | DM43: 0.23637611 | DN43: -0.26115481 | DO43: -0.073116396 | DP43: -0.060139483 | DQ43: -0.055560144 | DR43: -0.10031032
B44: 28 | E44: =$B$6*B43 -> 0.84375 | F44: =($B$11/(1-$B$8)^2)*(1-2*$B$8+2*$B$8*E44-E44^2) -> 0.014099121 | G44: =($B$11/(1-$B$8)^2)*(1-2*$B$8+2*$B$8*E44-E44^2)-$B$10*(E44-(1-$B$7)) -> 0.014099121 | H44: =(E45+E44)/2 -> 0.859375 | I44: =(E45+E44)/2 -> 0.859375 | J44: =(F45+F44)/2 -> 0.012811279 | K44: =(G45+G44)/2 -> 0.012811279 | L44: =(2*$B$8*$B$11-2*$B$11*H44)/(1-$B$8)^2 -> -0.082421875 | M44: =(2*$B$8*$B$11-2*$B$11*H44)/(1-$B$8)^2-$B$10 -> -0.082421875 | O44: 28 | P44: =-2*PI()*($B$3-L44) -> -0.44477636 | Q44: =-2*PI()*($B$3-M44) -> -0.44477636 | V44: =E46-E45 -> 0.03125 | W44: =H45-E17 -> 0.890625 | X44: =H45-E18 -> 0.859375 | Y44: =H45-E19 -> 0.828125 | Z44: =H45-E20 -> 0.796875 | AA44: =H45-E21 -> 0.765625 | AB44: =H45-E22 -> 0.734375 | AC44: =H45-E23 -> 0.703125 | AD44: =H45-E24 -> 0.671875 | AE44: =H45-E25 -> 0.640625 | AF44: =H45-E26 -> 0.609375 | AG44: =H45-E27 -> 0.578125 | AH44: =H45-E28 -> 0.546875 | AI44: =H45-E29 -> 0.515625 | AJ44: =H45-E30 -> 0.484375 | AK44: =H45-E31 -> 0.453125 | AL44: =H45-E32 -> 0.421875 | AM44: =H45-E33 -> 0.390625 | AN44: =H45-E34 -> 0.359375 | AO44: =H45-E35 -> 0.328125 | AP44: =H45-E36 -> 0.296875 | AQ44: =H45-E37 -> 0.265625 | AR44: =H45-E38 -> 0.234375 | AS44: =H45-E39 -> 0.203125 | AT44: =H45-E40 -> 0.171875 | AU44: =H45-E41 -> 0.140625 | AV44: =H45-E42 -> 0.109375 | AW44: =H45-E43 -> 0.078125 | AX44: =H45-E44 -> 0.046875 | AY44: =H45-E45 -> 0.015625 | AZ44: =H45-E46 -> -0.015625 | BA44: =H45-E47 -> -0.046875 | BB44: =H45-E48 -> -0.078125 | BC44: =H45-$E$49 -> -0.109375 | BE44: 29 | BF44: =BZ110+AO110 -> -0.017752728 | BG44: =CA110+AP110 -> -0.036371655 | BH44: =CB110+AQ110 -> -0.03774481 | BI44: =CC110+AR110 -> -0.039225744 | BJ44: =CD110+AS110 -> -0.040827667 | BK44: =CE110+AT110 -> -0.042566043 | BL44: =CF110+AU110 -> -0.044459088 | BM44: =CG110+AV110 -> -0.046528412 | ... CK44: =DE110+BT110 -> 0.41141439 | CL44: 29 | CM44: 0.00015243778 | CN44: 0.00031334957 | CO44: 0.00042726836 | CP44: 0.00053615048 | CQ44: 0.00064572214 | CR44: 0.00075992388 | CS44: 0.00088166135 | CT44: 0.0010136102 | CU44: 0.0011585607 | CV44: 0.0013196591 | CW44: 0.0015006314 | CX44: 0.0017060415 | CY44: 0.0019416227 | CZ44: 0.0022147352 | DA44: 0.0025350228 | DB44: 0.0029153881 | DC44: 0.0033734869 | DD44: 0.0039340959 | DE44: 0.0046330064 | DF44: 0.0055237152 | DG44: 0.0066895298 | DH44: 0.0082669089 | DI44: 0.010494028 | DJ44: 0.013824981 | DK44: 0.019197725 | DL44: 0.029487706 | DM44: 0.045424912 | DN44: 0.23418106 | DO44: -0.26432563 | DP44: -0.078303089 | DQ44: -0.068202049 | DR44: -0.11210206
B45: 29 | E45: =$B$6*B44 -> 0.875 | F45: =($B$11/(1-$B$8)^2)*(1-2*$B$8+2*$B$8*E45-E45^2) -> 0.011523437 | G45: =($B$11/(1-$B$8)^2)*(1-2*$B$8+2*$B$8*E45-E45^2)-$B$10*(E45-(1-$B$7)) -> 0.011523437 | H45: =(E46+E45)/2 -> 0.890625 | I45: =(E46+E45)/2 -> 0.890625 | J45: =(F46+F45)/2 -> 0.010174561 | K45: =(G46+G45)/2 -> 0.010174561 | L45: =(2*$B$8*$B$11-2*$B$11*H45)/(1-$B$8)^2 -> -0.086328125 | M45: =(2*$B$8*$B$11-2*$B$11*H45)/(1-$B$8)^2-$B$10 -> -0.086328125 | O45: 29 | P45: =-2*PI()*($B$3-L45) -> -0.46932005 | Q45: =-2*PI()*($B$3-M45) -> -0.46932005 | V45: =E47-E46 -> 0.03125 | W45: =H46-E17 -> 0.921875 | X45: =H46-E18 -> 0.890625 | Y45: =H46-E19 -> 0.859375 | Z45: =H46-E20 -> 0.828125 | AA45: =H46-E21 -> 0.796875 | AB45: =H46-E22 -> 0.765625 | AC45: =H46-E23 -> 0.734375 | AD45: =H46-E24 -> 0.703125 | AE45: =H46-E25 -> 0.671875 | AF45: =H46-E26 -> 0.640625 | AG45: =H46-E27 -> 0.609375 | AH45: =H46-E28 -> 0.578125 | AI45: =H46-E29 -> 0.546875 | AJ45: =H46-E30 -> 0.515625 | AK45: =H46-E31 -> 0.484375 | AL45: =H46-E32 -> 0.453125 | AM45: =H46-E33 -> 0.421875 | AN45: =H46-E34 -> 0.390625 | AO45: =H46-E35 -> 0.359375 | AP45: =H46-E36 -> 0.328125 | AQ45: =H46-E37 -> 0.296875 | AR45: =H46-E38 -> 0.265625 | AS45: =H46-E39 -> 0.234375 | AT45: =H46-E40 -> 0.203125 | AU45: =H46-E41 -> 0.171875 | AV45: =H46-E42 -> 0.140625 | AW45: =H46-E43 -> 0.109375 | AX45: =H46-E44 -> 0.078125 | AY45: =H46-E45 -> 0.046875 | AZ45: =H46-E46 -> 0.015625 | BA45: =H46-E47 -> -0.015625 | BB45: =H46-E48 -> -0.046875 | BC45: =H46-$E$49 -> -0.078125 | BE45: 30 | BF45: =BZ111+AO111 -> -0.017143982 | BG45: =CA111+AP111 -> -0.035094923 | BH45: =CB111+AQ111 -> -0.036371655 | BI45: =CC111+AR111 -> -0.03774481 | BJ45: =CD111+AS111 -> -0.039225744 | BK45: =CE111+AT111 -> -0.040827667 | BL45: =CF111+AU111 -> -0.042566043 | BM45: =CG111+AV111 -> -0.044459088 | ... CK45: =DE111+BT111 -> 0.72775792 | CL45: 30 | CM45: 0.00012435952 | CN45: 0.00025533988 | CO45: 0.0003476733 | CP45: 0.00043560272 | CQ45: 0.00052375241 | CR45: 0.00061526704 | CS45: 0.00071242133 | CT45: 0.00081727063 | CU45: 0.00093192224 | CV45: 0.0010587172 | CW45: 0.0012003917 | CX45: 0.0013602554 | CY45: 0.0015424144 | CZ45: 0.001752071 | DA45: 0.0019959455 | DB45: 0.0022828876 | DC45: 0.002624791 | DD45: 0.0030380012 | DE45: 0.0035455578 | DF45: 0.0041808983 | DG45: 0.0049942526 | DH45: 0.006064271 | DI45: 0.0075205658 | DJ45: 0.0095908731 | DK45: 0.012712655 | DL45: 0.017795906 | DM45: 0.027665762 | DN45: 0.042952638 | DO45: 0.23061606 | DP45: -0.27014718 | DQ45: -0.087344345 | DR45: -0.1314618
B46: 30 | E46: =$B$6*B45 -> 0.90625 | F46: =($B$11/(1-$B$8)^2)*(1-2*$B$8+2*$B$8*E46-E46^2) -> 0.0088256836 | G46: =($B$11/(1-$B$8)^2)*(1-2*$B$8+2*$B$8*E46-E46^2)-$B$10*(E46-(1-$B$7)) -> 0.0088256836 | H46: =(E47+E46)/2 -> 0.921875 | I46: =(E47+E46)/2 -> 0.921875 | J46: =(F47+F46)/2 -> 0.0074157715 | K46: =(G47+G46)/2 -> 0.0074157715 | L46: =(2*$B$8*$B$11-2*$B$11*H46)/(1-$B$8)^2 -> -0.090234375 | M46: =(2*$B$8*$B$11-2*$B$11*H46)/(1-$B$8)^2-$B$10 -> -0.090234375 | O46: 30 | P46: =-2*PI()*($B$3-L46) -> -0.49386374 | Q46: =-2*PI()*($B$3-M46) -> -0.49386374 | V46: =E48-E47 -> 0.03125 | W46: =H47-E17 -> 0.953125 | X46: =H47-E18 -> 0.921875 | Y46: =H47-E19 -> 0.890625 | Z46: =H47-E20 -> 0.859375 | AA46: =H47-E21 -> 0.828125 | AB46: =H47-E22 -> 0.796875 | AC46: =H47-E23 -> 0.765625 | AD46: =H47-E24 -> 0.734375 | AE46: =H47-E25 -> 0.703125 | AF46: =H47-E26 -> 0.671875 | AG46: =H47-E27 -> 0.640625 | AH46: =H47-E28 -> 0.609375 | AI46: =H47-E29 -> 0.578125 | AJ46: =H47-E30 -> 0.546875 | AK46: =H47-E31 -> 0.515625 | AL46: =H47-E32 -> 0.484375 | AM46: =H47-E33 -> 0.453125 | AN46: =H47-E34 -> 0.421875 | AO46: =H47-E35 -> 0.390625 | AP46: =H47-E36 -> 0.359375 | AQ46: =H47-E37 -> 0.328125 | AR46: =H47-E38 -> 0.296875 | AS46: =H47-E39 -> 0.265625 | AT46: =H47-E40 -> 0.234375 | AU46: =H47-E41 -> 0.203125 | AV46: =H47-E42 -> 0.171875 | AW46: =H47-E43 -> 0.140625 | AX46: =H47-E44 -> 0.109375 | AY46: =H47-E45 -> 0.078125 | AZ46: =H47-E46 -> 0.046875 | BA46: =H47-E47 -> 0.015625 | BB46: =H47-E48 -> -0.015625 | BC46: =H47-$E$49 -> -0.046875 | BE46: 31 | BF46: =BZ112+AO112 -> -0.016575602 | BG46: =CA112+AP112 -> -0.0339048 | BH46: =CB112+AQ112 -> -0.035094923 | BI46: =CC112+AR112 -> -0.036371655 | BJ46: =CD112+AS112 -> -0.03774481 | BK46: =CE112+AT112 -> -0.039225744 | BL46: =CF112+AU112 -> -0.040827667 | BM46: =CG112+AV112 -> -0.042566043 | ... CK46: =DE112+BT112 -> 1.6479184 | CL46: 31 | CM46: 9.527162e-05 | CN46: 0.00019540671 | CO46: 0.00026571489 | CP46: 0.00033244221 | CQ46: 0.00039910021 | CR46: 0.00046805165 | CS46: 0.00054097603 | CT46: 0.00061936444 | CU46: 0.0007047214 | CV46: 0.00079869525 | CW46: 0.00090318907 | CX46: 0.0010204785 | CY46: 0.0011533551 | CZ46: 0.001305315 | DA46: 0.0014808187 | DB46: 0.0016856605 | DC46: 0.0019275095 | DD46: 0.0022167233 | DE46: 0.0025676088 | DF46: 0.0030004407 | DG46: 0.0035448184 | DH46: 0.0042454996 | DI46: 0.0051730896 | DJ46: 0.0064449345 | DK46: 0.0082692321 | DL46: 0.011050596 | DM46: 0.01563993 | DN46: 0.024745444 | DO46: 0.038748396 | DP46: 0.2237615 | DQ46: -0.28078382 | DR46: -0.16160714
B47: 31 | E47: =$B$6*B46 -> 0.9375 | F47: =($B$11/(1-$B$8)^2)*(1-2*$B$8+2*$B$8*E47-E47^2) -> 0.0060058594 | G47: =($B$11/(1-$B$8)^2)*(1-2*$B$8+2*$B$8*E47-E47^2)-$B$10*(E47-(1-$B$7)) -> 0.0060058594 | H47: =(E48+E47)/2 -> 0.953125 | I47: =(E48+E47)/2 -> 0.953125 | J47: =(F48+F47)/2 -> 0.0045349121 | K47: =(G48+G47)/2 -> 0.0045349121 | L47: =(2*$B$8*$B$11-2*$B$11*H47)/(1-$B$8)^2 -> -0.094140625 | M47: =(2*$B$8*$B$11-2*$B$11*H47)/(1-$B$8)^2-$B$10 -> -0.094140625 | O47: 31 | P47: =-2*PI()*($B$3-L47) -> -0.51840744 | Q47: =-2*PI()*($B$3-M47) -> -0.51840744 | V47: =E49-E48 -> 0.03125 | W47: =H48-E17 -> 0.984375 | X47: =H48-E18 -> 0.953125 | Y47: =H48-E19 -> 0.921875 | Z47: =H48-E20 -> 0.890625 | AA47: =H48-E21 -> 0.859375 | AB47: =H48-E22 -> 0.828125 | AC47: =H48-E23 -> 0.796875 | AD47: =H48-E24 -> 0.765625 | AE47: =H48-E25 -> 0.734375 | AF47: =H48-E26 -> 0.703125 | AG47: =H48-E27 -> 0.671875 | AH47: =H48-E28 -> 0.640625 | AI47: =H48-E29 -> 0.609375 | AJ47: =H48-E30 -> 0.578125 | AK47: =H48-E31 -> 0.546875 | AL47: =H48-E32 -> 0.515625 | AM47: =H48-E33 -> 0.484375 | AN47: =H48-E34 -> 0.453125 | AO47: =H48-E35 -> 0.421875 | AP47: =H48-E36 -> 0.390625 | AQ47: =H48-E37 -> 0.359375 | AR47: =H48-E38 -> 0.328125 | AS47: =H48-E39 -> 0.296875 | AT47: =H48-E40 -> 0.265625 | AU47: =H48-E41 -> 0.234375 | AV47: =H48-E42 -> 0.203125 | AW47: =H48-E43 -> 0.171875 | AX47: =H48-E44 -> 0.140625 | AY47: =H48-E45 -> 0.109375 | AZ47: =H48-E46 -> 0.078125 | BA47: =H48-E47 -> 0.046875 | BB47: =H48-E48 -> 0.015625 | BC47: =H48-$E$49 -> -0.015625 | BE47: 32 | BF47: =BZ113+AO113 -> -0.016043702 | BG47: =CA113+AP113 -> -0.032792762 | BH47: =CB113+AQ113 -> -0.0339048 | BI47: =CC113+AR113 -> -0.035094923 | BJ47: =CD113+AS113 -> -0.036371655 | BK47: =CE113+AT113 -> -0.03774481 | BL47: =CF113+AU113 -> -0.039225744 | BM47: =CG113+AV113 -> -0.040827667 | ... CK47: =DE113+BT113 -> -1.6479184 | CL47: 32 | CM47: 6.340676e-05 | CN47: 0.00012991584 | CO47: 0.00017643361 | CP47: 0.00022043714 | CQ47: 0.00026424503 | CR47: 0.00030940207 | CS47: 0.00035698839 | CT47: 0.0004079469 | CU47: 0.00046321434 | CV47: 0.00052380324 | CW47: 0.00059086885 | CX47: 0.00066577761 | CY47: 0.00075018827 | CZ47: 0.00084615618 | DA47: 0.00095627436 | DB47: 0.0010838706 | DC47: 0.0012332908 | DD47: 0.0014103163 | DE47: 0.0016227965 | DF47: 0.001881635 | DG47: 0.0022023808 | DH47: 0.0026078947 | DI47: 0.0031330274 | DJ47: 0.0038332803 | DK47: 0.0048019429 | DL47: 0.0062067724 | DM47: 0.0083796487 | DN47: 0.012027562 | DO47: 0.019552104 | DP47: 0.030292681 | DQ47: 0.21064971 | DR47: -0.3721588
B48: 32 | E48: =$B$6*B47 -> 0.96875 | F48: =($B$11/(1-$B$8)^2)*(1-2*$B$8+2*$B$8*E48-E48^2) -> 0.0030639648 | G48: =($B$11/(1-$B$8)^2)*(1-2*$B$8+2*$B$8*E48-E48^2)-$B$10*(E48-(1-$B$7)) -> 0.0030639648 | H48: =(E49+E48)/2 -> 0.984375 | I48: =(E49+E48)/2 -> 0.984375 | J48: =(F49+F48)/2 -> 0.0015319824 | K48: =(G49+G48)/2 -> 0.0015319824 | L48: =(2*$B$8*$B$11-2*$B$11*H48)/(1-$B$8)^2 -> -0.098046875 | M48: =(2*$B$8*$B$11-2*$B$11*H48)/(1-$B$8)^2-$B$10 -> -0.098046875 | O48: 32 | P48: =-2*PI()*($B$3-L48) -> -0.54295113 | Q48: =-2*PI()*($B$3-M48) -> -0.54295113
B49: 33 | E49: =$B$6*B48 -> 1 | F49: =($B$11/(1-$B$8)^2)*(1-2*$B$8+2*$B$8*E49-E49^2) -> 0 | G49: =($B$11/(1-$B$8)^2)*(1-2*$B$8+2*$B$8*E49-E49^2)-$B$10*(E49-(1-$B$7)) -> 0
G58: Gamma_j_sinAlerón | I58: Gamma_j_conAlerón | K58: Cli_sinAleron | M58: Cli_conAlerón | O58: Cpint_sinAlerón | Q58: Cpint_conAlerón | S58: Cpext_sinAlerón | U58: Cpext_conAlerón | W58: Cmiba_sinAlerón | Y58: Cmiba_conAlerón
G61: {=MMULT(CM16:DR47,P17:P48)} -> -1.6118133 | H61: 1 | I61: {=MMULT(CM16:DR47,Q17:Q48)} -> -1.6118133 | K61: =(G61+G62) -> -1.6498953 | M61: =I61+I62 -> -1.6498953 | O61: =K61/2 -> -0.82494766 | Q61: =M61*0.5 -> -0.82494766 | S61: =-O61 -> 0.82494766 | U61: =-Q61 -> 0.82494766 | W61: =-K61*H17 -> 0.025779614 | Y61: =-M61*I17 -> 0.025779614
G62: -0.038082002 | H62: 2 | I62: -0.038082002 | K62: =(G62+G63) -> 0.12212596 | M62: =I62+I63 -> 0.12212596 | O62: =K62/2 -> 0.06106298 | Q62: =M62*0.5 -> 0.06106298 | S62: =-O62 -> -0.06106298 | U62: =-Q62 -> -0.06106298 | W62: =-K62*H18 -> -0.0057246544 | Y62: =-M62*I18 -> -0.0057246544
G63: 0.16020796 | H63: 3 | I63: 0.16020796 | K63: =(G63+G64) -> 0.46321606 | M63: =I63+I64 -> 0.46321606 | O63: =K63/2 -> 0.23160803 | Q63: =M63*0.5 -> 0.23160803 | S63: =-O63 -> -0.23160803 | U63: =-Q63 -> -0.23160803 | W63: =-K63*H19 -> -0.036188754 | Y63: =-M63*I19 -> -0.036188754
G64: 0.30300809 | H64: 4 | I64: 0.30300809 | K64: =(G64+G65) -> 0.68446501 | M64: =I64+I65 -> 0.68446501 | O64: =K64/2 -> 0.3422325 | Q64: =M64*0.5 -> 0.3422325 | S64: =-O64 -> -0.3422325 | U64: =-Q64 -> -0.3422325 | W64: =-K64*H20 -> -0.07486336 | Y64: =-M64*I20 -> -0.07486336
G65: 0.38145691 | H65: 5 | I65: 0.38145691 | K65: =(G65+G66) -> 0.79676727 | M65: =I65+I66 -> 0.79676727 | O65: =K65/2 -> 0.39838364 | Q65: =M65*0.5 -> 0.39838364 | S65: =-O65 -> -0.39838364 | U65: =-Q65 -> -0.39838364 | W65: =-K65*H21 -> -0.1120454 | Y65: =-M65*I21 -> -0.1120454
G66: 0.41531036 | H66: 6 | I66: 0.41531036 | K66: =(G66+G67) -> 0.82255736 | M66: =I66+I67 -> 0.82255736 | O66: =K66/2 -> 0.41127868 | Q66: =M66*0.5 -> 0.41127868 | S66: =-O66 -> -0.41127868 | U66: =-Q66 -> -0.41127868 | W66: =-K66*H22 -> -0.14137705 | Y66: =-M66*I22 -> -0.14137705
G67: 0.407247 | H67: 7 | I67: 0.407247 | K67: =(G67+G68) -> 0.69320874 | M67: =I67+I68 -> 0.69320874 | O67: =K67/2 -> 0.34660437 | Q67: =M67*0.5 -> 0.34660437 | S67: =-O67 -> -0.34660437 | U67: =-Q67 -> -0.34660437 | W67: =-K67*H23 -> -0.14080802 | Y67: =-M67*I23 -> -0.14080802
G68: 0.28596173 | H68: 8 | I68: 0.28596173 | K68: =(G68+G69) -> 0.54843146 | M68: =I68+I69 -> 0.54843146 | O68: =K68/2 -> 0.27421573 | Q68: =M68*0.5 -> 0.27421573 | S68: =-O68 -> -0.27421573 | U68: =-Q68 -> -0.27421573 | W68: =-K68*H24 -> -0.12853862 | Y68: =-M68*I24 -> -0.12853862
G69: 0.26246973 | H69: 9 | I69: 0.26246973 | K69: =(G69+G70) -> 0.50593823 | M69: =I69+I70 -> 0.50593823 | O69: =K69/2 -> 0.25296912 | Q69: =M69*0.5 -> 0.25296912 | S69: =-O69 -> -0.25296912 | U69: =-Q69 -> -0.25296912 | W69: =-K69*H25 -> -0.13438984 | Y69: =-M69*I25 -> -0.13438984
G70: 0.2434685 | H70: 10 | I70: 0.2434685 | K70: =(G70+G71) -> 0.47395066 | M70: =I70+I71 -> 0.47395066 | O70: =K70/2 -> 0.23697533 | Q70: =M70*0.5 -> 0.23697533 | S70: =-O70 -> -0.23697533 | U70: =-Q70 -> -0.23697533 | W70: =-K70*H26 -> -0.1407041 | Y70: =-M70*I26 -> -0.1407041
G71: 0.23048216 | H71: 11 | I71: 0.23048216 | K71: =(G71+G72) -> 0.45115236 | M71: =I71+I72 -> 0.45115236 | O71: =K71/2 -> 0.22557618 | Q71: =M71*0.5 -> 0.22557618 | S71: =-O71 -> -0.22557618 | U71: =-Q71 -> -0.22557618 | W71: =-K71*H27 -> -0.14803437 | Y71: =-M71*I27 -> -0.14803437
G72: 0.22067021 | H72: 12 | I72: 0.22067021 | K72: =(G72+G73) -> 0.43345534 | M72: =I72+I73 -> 0.43345534 | O72: =K72/2 -> 0.21672767 | Q72: =M72*0.5 -> 0.21672767 | S72: =-O72 -> -0.21672767 | U72: =-Q72 -> -0.21672767 | W72: =-K72*H28 -> -0.15577301 | Y72: =-M72*I28 -> -0.15577301
G73: 0.21278513 | H73: 13 | I73: 0.21278513 | K73: =(G73+G74) -> 0.41887944 | M73: =I73+I74 -> 0.41887944 | O73: =K73/2 -> 0.20943972 | Q73: =M73*0.5 -> 0.20943972 | S73: =-O73 -> -0.20943972 | U73: =-Q73 -> -0.20943972 | W73: =-K73*H29 -> -0.16362478 | Y73: =-M73*I29 -> -0.16362478
... G78: 0.18414271 | H78: 18 | I78: 0.18414271 | K78: =(G78+G79) -> 0.3630321 | M78: =I78+I79 -> 0.3630321 | O78: =K78/2 -> 0.18151605 | Q78: =M78*0.5 -> 0.18151605 | S78: =-O78 -> -0.18151605 | U78: =-Q78 -> -0.18151605 | W78: =-K78*H34 -> -0.19853318 | Y78: =-M78*I34 -> -0.19853318
G79: 0.17888939 | H79: 19 | I79: 0.17888939 | K79: =(G79+G80) -> 0.35238054 | M79: =I79+I80 -> 0.35238054 | O79: =K79/2 -> 0.17619027 | Q79: =M79*0.5 -> 0.17619027 | S79: =-O79 -> -0.17619027 | U79: =-Q79 -> -0.17619027 | W79: =-K79*H35 -> -0.20372 | Y79: =-M79*I35 -> -0.20372 | DF79: NO PINTA NADA
G80: 0.17349114 | H80: 20 | I80: 0.17349114 | K80: =(G80+G81) -> 0.34135223 | M80: =I80+I81 -> 0.34135223 | O80: =K80/2 -> 0.17067611 | Q80: =M80*0.5 -> 0.17067611 | S80: =-O80 -> -0.17067611 | U80: =-Q80 -> -0.17067611 | W80: =-K80*H36 -> -0.20801151 | Y80: =-M80*I36 -> -0.20801151 | AN80: MATRIZ B | BT80: ?????????? | BZ80: MATRIZ C
G81: 0.16786108 | H81: 21 | I81: 0.16786108 | K81: =(G81+G82) -> 0.32977885 | M81: =I81+I82 -> 0.32977885 | O81: =K81/2 -> 0.16488942 | Q81: =M81*0.5 -> 0.16488942 | S81: =-O81 -> -0.16488942 | U81: =-Q81 -> -0.16488942 | W81: =-K81*H37 -> -0.21126457 | Y81: =-M81*I37 -> -0.21126457 | AO81: 1 | AP81: 2 | AQ81: 3 | AR81: 4 | AS81: 5 | AT81: 6 | AU81: 7 | AV81: 8 | AW81: 9 | AX81: 10 | AY81: 11 | AZ81: 12 | BA81: 13 | BB81: 14 | BC81: 15 | BD81: 16 | BE81: 17 | BF81: 18 | BG81: 19 | BH81: 20 | BI81: 21 | BJ81: 22 | BK81: 23 | BL81: 24 | BM81: 25 | BN81: 26 | BO81: 27 | BP81: 28 | BQ81: 29 | BR81: 30 | BS81: 31 | BT81: 32 | BU81: Condición en Matriz C | BZ81: 0 | CA81: 1 | CB81: 2 | CC81: 3 | CD81: 4 | CE81: 5 | CF81: 6 | CG81: 7 | CH81: 8 | CI81: 9 | CJ81: 10 | CK81: 11 | CL81: 12 | CM81: 13 | CN81: 14 | CO81: 15 | CP81: 16 | CQ81: 17 | CR81: 18 | CS81: 19 | CT81: 20 | CU81: 21 | CV81: 22 | CW81: 23 | CX81: 24 | CY81: 25 | CZ81: 26 | DA81: 27 | DB81: 28 | DC81: 29 | DD81: 30 | DE81: 31 | DF81: 32
G82: 0.16191776 | H82: 22 | I82: 0.16191776 | K82: =(G82+G83) -> 0.31749712 | M82: =I82+I83 -> 0.31749712 | O82: =K82/2 -> 0.15874856 | Q82: =M82*0.5 -> 0.15874856 | S82: =-O82 -> -0.15874856 | U82: =-Q82 -> -0.15874856 | W82: =-K82*H38 -> -0.21331837 | Y82: =-M82*I38 -> -0.21331837 | AL82: Condición en matriz B | AN82: 1 | AO82: -1 | AP82: =-(Y16/0.03125)*LN(Y16/X16)-1 -> 0.64791843 | AQ82: =-(Z16/0.03125)*LN(Z16/Y16)-1 -> 0.27706406 | AR82: =-(AA16/0.03125)*LN(AA16/Z16)-1 -> 0.17765283 | AS82: =-(AB16/0.03125)*LN(AB16/AA16)-1 -> 0.13091493 | AT82: =-(AC16/0.03125)*LN(AC16/AB16)-1 -> 0.10368883 | AU82: =-(AD16/0.03125)*LN(AD16/AC16)-1 -> 0.08585155 | AV82: =-(AE16/0.03125)*LN(AE16/AD16)-1 -> 0.073256327 | AW82: =-(AF16/0.03125)*LN(AF16/AE16)-1 -> 0.063886715 | ... BT82: =-(BC16/0.03125)*LN(BC16/BB16)-1 -> 0.01621716 | BW82: 1 | BZ82: 0 | CA82: 1 | CB82: =(1+(X16/0.03125)*LN(Y16/X16)) -> 0.45069386 | CC82: =(1+(Y16/0.03125)*LN(Z16/Y16)) -> 0.23376156 | CD82: =(1+(Z16/0.03125)*LN(AA16/Z16)) -> 0.15881941 | CE82: =(1+(AA16/0.03125)*LN(AB16/AA16)) -> 0.1203995 | CF82: =(1+(AB16/0.03125)*LN(AC16/AB16)) -> 0.09698187 | CG82: =(1+(AC16/0.03125)*LN(AD16/AC16)) -> 0.081202534 | CH82: =(1+(AD16/0.03125)*LN(AE16/AD16)) -> 0.069844516 | CI82: =(1+(AE16/0.03125)*LN(AF16/AE16)) -> 0.061276428 | ... DE82: =(1+(BA16/0.03125)*LN(BB16/BA16)) -> 0.016575602 | DF82: =(1+(BB16/0.03125)*LN(BE16/BB16)) -> #NUM!
G83: 0.15557935 | H83: 23 | I83: 0.15557935 | K83: =(G83+G84) -> 0.30433716 | M83: =I83+I84 -> 0.30433716 | O83: =K83/2 -> 0.15216858 | Q83: =M83*0.5 -> 0.15216858 | S83: =-O83 -> -0.15216858 | U83: =-Q83 -> -0.15216858 | W83: =-K83*H39 -> -0.21398707 | Y83: =-M83*I39 -> -0.21398707 | AL83: si i=j | AN83: 2 | AO83: =-(X17/0.03125)*LN(X17/W17)-1 -> -0.45069386 | AP83: -1 | AQ83: =-(Z17/0.03125)*LN(Z17/Y17)-1 -> 0.64791843 | AR83: =-(AA17/0.03125)*LN(AA17/Z17)-1 -> 0.27706406 | AS83: =-(AB17/0.03125)*LN(AB17/AA17)-1 -> 0.17765283 | AT83: =-(AC17/0.03125)*LN(AC17/AB17)-1 -> 0.13091493 | AU83: =-(AD17/0.03125)*LN(AD17/AC17)-1 -> 0.10368883 | AV83: =-(AE17/0.03125)*LN(AE17/AD17)-1 -> 0.08585155 | AW83: =-(AF17/0.03125)*LN(AF17/AE17)-1 -> 0.073256327 | AX83: =-(AG17/0.03125)*LN(AG17/AF17)-1 -> 0.063886715 | ... BT83: =-(BC17/0.03125)*LN(BC17/BB17)-1 -> 0.016760818 | BU83: si i=j termino vale 1 | BW83: 2 | BZ83: 0 | CA83: =(1+(W17/0.03125)*LN(X17/W17)) -> -0.64791843 | CB83: 1 | CC83: =(1+(Y17/0.03125)*LN(Z17/Y17)) -> 0.45069386 | CD83: =(1+(Z17/0.03125)*LN(AA17/Z17)) -> 0.23376156 | CE83: =(1+(AA17/0.03125)*LN(AB17/AA17)) -> 0.15881941 | CF83: =(1+(AB17/0.03125)*LN(AC17/AB17)) -> 0.1203995 | CG83: =(1+(AC17/0.03125)*LN(AD17/AC17)) -> 0.09698187 | CH83: =(1+(AD17/0.03125)*LN(AE17/AD17)) -> 0.081202534 | CI83: =(1+(AE17/0.03125)*LN(AF17/AE17)) -> 0.069844516 | CJ83: =(1+(AF17/0.03125)*LN(AG17/AF17)) -> 0.061276428 | ... DE83: =(1+(BA17/0.03125)*LN(BB17/BA17)) -> 0.017143982 | DF83: =(1+(BB17/0.03125)*LN(BE17/BB17)) -> #NUM!
G84: 0.14875781 | H84: 24 | I84: 0.14875781 | K84: =(G84+G85) -> 0.29010984 | M84: =I84+I85 -> 0.29010984 | O84: =K84/2 -> 0.14505492 | Q84: =M84*0.5 -> 0.14505492 | S84: =-O84 -> -0.14505492 | U84: =-Q84 -> -0.14505492 | W84: =-K84*H40 -> -0.21304942 | Y84: =-M84*I40 -> -0.21304942 | AL84: Término vale -1 | AN84: 3 | AO84: =-(X18/0.03125)*LN(X18/W18)-1 -> -0.23376156 | AP84: =-(Y18/0.03125)*LN(Y18/X18)-1 -> -0.45069386 | AQ84: -1 | AR84: =-(AA18/0.03125)*LN(AA18/Z18)-1 -> 0.64791843 | AS84: =-(AB18/0.03125)*LN(AB18/AA18)-1 -> 0.27706406 | AT84: =-(AC18/0.03125)*LN(AC18/AB18)-1 -> 0.17765283 | AU84: =-(AD18/0.03125)*LN(AD18/AC18)-1 -> 0.13091493 | AV84: =-(AE18/0.03125)*LN(AE18/AD18)-1 -> 0.10368883 | AW84: =-(AF18/0.03125)*LN(AF18/AE18)-1 -> 0.08585155 | AX84: =-(AG18/0.03125)*LN(AG18/AF18)-1 -> 0.073256327 | AY84: =-(AH18/0.03125)*LN(AH18/AG18)-1 -> 0.063886715 | ... BT84: =-(BC18/0.03125)*LN(BC18/BB18)-1 -> 0.017342194 | BU84: C(i,0)=0 | BW84: 3 | BZ84: 0 | CA84: =(1+(W18/0.03125)*LN(X18/W18)) -> -0.27706406 | CB84: =(1+(X18/0.03125)*LN(Y18/X18)) -> -0.64791843 | CC84: 1 | CD84: =(1+(Z18/0.03125)*LN(AA18/Z18)) -> 0.45069386 | CE84: =(1+(AA18/0.03125)*LN(AB18/AA18)) -> 0.23376156 | CF84: =(1+(AB18/0.03125)*LN(AC18/AB18)) -> 0.15881941 | CG84: =(1+(AC18/0.03125)*LN(AD18/AC18)) -> 0.1203995 | CH84: =(1+(AD18/0.03125)*LN(AE18/AD18)) -> 0.09698187 | CI84: =(1+(AE18/0.03125)*LN(AF18/AE18)) -> 0.081202534 | CJ84: =(1+(AF18/0.03125)*LN(AG18/AF18)) -> 0.069844516 | CK84: =(1+(AG18/0.03125)*LN(AH18/AG18)) -> 0.061276428 | ... DE84: =(1+(BA18/0.03125)*LN(BB18/BA18)) -> 0.017752728 | DF84: =(1+(BB18/0.03125)*LN(BE18/BB18)) -> #NUM!
G85: 0.14135203 | H85: 25 | I85: 0.14135203 | K85: =(G85+G86) -> 0.27459041 | M85: =I85+I86 -> 0.27459041 | O85: =K85/2 -> 0.13729521 | Q85: =M85*0.5 -> 0.13729521 | S85: =-O85 -> -0.13729521 | U85: =-Q85 -> -0.13729521 | W85: =-K85*H41 -> -0.21023329 | Y85: =-M85*I41 -> -0.21023329 | AN85: 4 | AO85: =-(X19/0.03125)*LN(X19/W19)-1 -> -0.15881941 | AP85: =-(Y19/0.03125)*LN(Y19/X19)-1 -> -0.23376156 | AQ85: =-(Z19/0.03125)*LN(Z19/Y19)-1 -> -0.45069386 | AR85: -1 | AS85: =-(AB19/0.03125)*LN(AB19/AA19)-1 -> 0.64791843 | AT85: =-(AC19/0.03125)*LN(AC19/AB19)-1 -> 0.27706406 | AU85: =-(AD19/0.03125)*LN(AD19/AC19)-1 -> 0.17765283 | AV85: =-(AE19/0.03125)*LN(AE19/AD19)-1 -> 0.13091493 | AW85: =-(AF19/0.03125)*LN(AF19/AE19)-1 -> 0.10368883 | AX85: =-(AG19/0.03125)*LN(AG19/AF19)-1 -> 0.08585155 | AY85: =-(AH19/0.03125)*LN(AH19/AG19)-1 -> 0.073256327 | AZ85: =-(AI19/0.03125)*LN(AI19/AH19)-1 -> 0.063886715 | ... BT85: =-(BC19/0.03125)*LN(BC19/BB19)-1 -> 0.017965354 | BW85: 4 | BZ85: 0 | CA85: =(1+(W19/0.03125)*LN(X19/W19)) -> -0.17765283 | CB85: =(1+(X19/0.03125)*LN(Y19/X19)) -> -0.27706406 | CC85: =(1+(Y19/0.03125)*LN(Z19/Y19)) -> -0.64791843 | CD85: 1 | CE85: =(1+(AA19/0.03125)*LN(AB19/AA19)) -> 0.45069386 | CF85: =(1+(AB19/0.03125)*LN(AC19/AB19)) -> 0.23376156 | CG85: =(1+(AC19/0.03125)*LN(AD19/AC19)) -> 0.15881941 | CH85: =(1+(AD19/0.03125)*LN(AE19/AD19)) -> 0.1203995 | CI85: =(1+(AE19/0.03125)*LN(AF19/AE19)) -> 0.09698187 | CJ85: =(1+(AF19/0.03125)*LN(AG19/AF19)) -> 0.081202534 | CK85: =(1+(AG19/0.03125)*LN(AH19/AG19)) -> 0.069844516 | CL85: =(1+(AH19/0.03125)*LN(AI19/AH19)) -> 0.061276428 | ... DE85: =(1+(BA19/0.03125)*LN(BB19/BA19)) -> 0.0184063 | DF85: =(1+(BB19/0.03125)*LN(BE19/BB19)) -> #NUM!
G86: 0.13323838 | H86: 26 | I86: 0.13323838 | K86: =(G86+G87) -> 0.25749451 | M86: =I86+I87 -> 0.25749451 | O86: =K86/2 -> 0.12874725 | Q86: =M86*0.5 -> 0.12874725 | S86: =-O86 -> -0.12874725 | U86: =-Q86 -> -0.12874725 | W86: =-K86*H42 -> -0.20519093 | Y86: =-M86*I42 -> -0.20519093 | AN86: 5 | AO86: =-(X20/0.03125)*LN(X20/W20)-1 -> -0.1203995 | AP86: =-(Y20/0.03125)*LN(Y20/X20)-1 -> -0.15881941 | AQ86: =-(Z20/0.03125)*LN(Z20/Y20)-1 -> -0.23376156 | AR86: =-(AA20/0.03125)*LN(AA20/Z20)-1 -> -0.45069386 | AS86: -1 | AT86: =-(AC20/0.03125)*LN(AC20/AB20)-1 -> 0.64791843 | AU86: =-(AD20/0.03125)*LN(AD20/AC20)-1 -> 0.27706406 | AV86: =-(AE20/0.03125)*LN(AE20/AD20)-1 -> 0.17765283 | AW86: =-(AF20/0.03125)*LN(AF20/AE20)-1 -> 0.13091493 | AX86: =-(AG20/0.03125)*LN(AG20/AF20)-1 -> 0.10368883 | AY86: =-(AH20/0.03125)*LN(AH20/AG20)-1 -> 0.08585155 | AZ86: =-(AI20/0.03125)*LN(AI20/AH20)-1 -> 0.073256327 | BA86: =-(AJ20/0.03125)*LN(AJ20/AI20)-1 -> 0.063886715 | ... BT86: =-(BC20/0.03125)*LN(BC20/BB20)-1 -> 0.018634971 | BW86: 5 | BZ86: 0 | CA86: =(1+(W20/0.03125)*LN(X20/W20)) -> -0.13091493 | CB86: =(1+(X20/0.03125)*LN(Y20/X20)) -> -0.17765283 | CC86: =(1+(Y20/0.03125)*LN(Z20/Y20)) -> -0.27706406 | CD86: =(1+(Z20/0.03125)*LN(AA20/Z20)) -> -0.64791843 | CE86: 1 | CF86: =(1+(AB20/0.03125)*LN(AC20/AB20)) -> 0.45069386 | CG86: =(1+(AC20/0.03125)*LN(AD20/AC20)) -> 0.23376156 | CH86: =(1+(AD20/0.03125)*LN(AE20/AD20)) -> 0.15881941 | CI86: =(1+(AE20/0.03125)*LN(AF20/AE20)) -> 0.1203995 | CJ86: =(1+(AF20/0.03125)*LN(AG20/AF20)) -> 0.09698187 | CK86: =(1+(AG20/0.03125)*LN(AH20/AG20)) -> 0.081202534 | CL86: =(1+(AH20/0.03125)*LN(AI20/AH20)) -> 0.069844516 | CM86: =(1+(AI20/0.03125)*LN(AJ20/AI20)) -> 0.061276428 | ... DE86: =(1+(BA20/0.03125)*LN(BB20/BA20)) -> 0.019109839 | DF86: =(1+(BB20/0.03125)*LN(BE20/BB20)) -> #NUM!
G87: 0.12425612 | H87: 27 | I87: 0.12425612 | K87: =(G87+G88) -> 0.23843833 | M87: =I87+I88 -> 0.23843833 | O87: =K87/2 -> 0.11921917 | Q87: =M87*0.5 -> 0.11921917 | S87: =-O87 -> -0.11921917 | U87: =-Q87 -> -0.11921917 | W87: =-K87*H43 -> -0.19745675 | Y87: =-M87*I43 -> -0.19745675 | AN87: 6 | AO87: =-(X21/0.03125)*LN(X21/W21)-1 -> -0.09698187 | AP87: =-(Y21/0.03125)*LN(Y21/X21)-1 -> -0.1203995 | AQ87: =-(Z21/0.03125)*LN(Z21/Y21)-1 -> -0.15881941 | AR87: =-(AA21/0.03125)*LN(AA21/Z21)-1 -> -0.23376156 | AS87: =-(AB21/0.03125)*LN(AB21/AA21)-1 -> -0.45069386 | AT87: -1 | AU87: =-(AD21/0.03125)*LN(AD21/AC21)-1 -> 0.64791843 | AV87: =-(AE21/0.03125)*LN(AE21/AD21)-1 -> 0.27706406 | AW87: =-(AF21/0.03125)*LN(AF21/AE21)-1 -> 0.17765283 | AX87: =-(AG21/0.03125)*LN(AG21/AF21)-1 -> 0.13091493 | AY87: =-(AH21/0.03125)*LN(AH21/AG21)-1 -> 0.10368883 | AZ87: =-(AI21/0.03125)*LN(AI21/AH21)-1 -> 0.08585155 | BA87: =-(AJ21/0.03125)*LN(AJ21/AI21)-1 -> 0.073256327 | BB87: =-(AK21/0.03125)*LN(AK21/AJ21)-1 -> 0.063886715 | ... BT87: =-(BC21/0.03125)*LN(BC21/BB21)-1 -> 0.019356442 | BW87: 6 | BZ87: 0 | CA87: =(1+(W21/0.03125)*LN(X21/W21)) -> -0.10368883 | CB87: =(1+(X21/0.03125)*LN(Y21/X21)) -> -0.13091493 | CC87: =(1+(Y21/0.03125)*LN(Z21/Y21)) -> -0.17765283 | CD87: =(1+(Z21/0.03125)*LN(AA21/Z21)) -> -0.27706406 | CE87: =(1+(AA21/0.03125)*LN(AB21/AA21)) -> -0.64791843 | CF87: 1 | CG87: =(1+(AC21/0.03125)*LN(AD21/AC21)) -> 0.45069386 | CH87: =(1+(AD21/0.03125)*LN(AE21/AD21)) -> 0.23376156 | CI87: =(1+(AE21/0.03125)*LN(AF21/AE21)) -> 0.15881941 | CJ87: =(1+(AF21/0.03125)*LN(AG21/AF21)) -> 0.1203995 | CK87: =(1+(AG21/0.03125)*LN(AH21/AG21)) -> 0.09698187 | CL87: =(1+(AH21/0.03125)*LN(AI21/AH21)) -> 0.081202534 | CM87: =(1+(AI21/0.03125)*LN(AJ21/AI21)) -> 0.069844516 | CN87: =(1+(AJ21/0.03125)*LN(AK21/AJ21)) -> 0.061276428 | ... DE87: =(1+(BA21/0.03125)*LN(BB21/BA21)) -> 0.019869302 | DF87: =(1+(BB21/0.03125)*LN(BE21/BB21)) -> #NUM!
G88: 0.11418221 | H88: 28 | I88: 0.11418221 | K88: =(G88+G89) -> 0.2168648 | M88: =I88+I89 -> 0.2168648 | O88: =K88/2 -> 0.1084324 | Q88: =M88*0.5 -> 0.1084324 | S88: =-O88 -> -0.1084324 | U88: =-Q88 -> -0.1084324 | W88: =-K88*H44 -> -0.18636819 | Y88: =-M88*I44 -> -0.18636819 | AN88: 7 | AO88: =-(X22/0.03125)*LN(X22/W22)-1 -> -0.081202534 | AP88: =-(Y22/0.03125)*LN(Y22/X22)-1 -> -0.09698187 | AQ88: =-(Z22/0.03125)*LN(Z22/Y22)-1 -> -0.1203995 | AR88: =-(AA22/0.03125)*LN(AA22/Z22)-1 -> -0.15881941 | AS88: =-(AB22/0.03125)*LN(AB22/AA22)-1 -> -0.23376156 | AT88: =-(AC22/0.03125)*LN(AC22/AB22)-1 -> -0.45069386 | AU88: -1 | AV88: =-(AE22/0.03125)*LN(AE22/AD22)-1 -> 0.64791843 | AW88: =-(AF22/0.03125)*LN(AF22/AE22)-1 -> 0.27706406 | AX88: =-(AG22/0.03125)*LN(AG22/AF22)-1 -> 0.17765283 | AY88: =-(AH22/0.03125)*LN(AH22/AG22)-1 -> 0.13091493 | AZ88: =-(AI22/0.03125)*LN(AI22/AH22)-1 -> 0.10368883 | BA88: =-(AJ22/0.03125)*LN(AJ22/AI22)-1 -> 0.08585155 | BB88: =-(AK22/0.03125)*LN(AK22/AJ22)-1 -> 0.073256327 | BC88: =-(AL22/0.03125)*LN(AL22/AK22)-1 -> 0.063886715 | ... BT88: =-(BC22/0.03125)*LN(BC22/BB22)-1 -> 0.020136033 | BW88: 7 | BZ88: 0 | CA88: =(1+(W22/0.03125)*LN(X22/W22)) -> -0.08585155 | CB88: =(1+(X22/0.03125)*LN(Y22/X22)) -> -0.10368883 | CC88: =(1+(Y22/0.03125)*LN(Z22/Y22)) -> -0.13091493 | CD88: =(1+(Z22/0.03125)*LN(AA22/Z22)) -> -0.17765283 | CE88: =(1+(AA22/0.03125)*LN(AB22/AA22)) -> -0.27706406 | CF88: =(1+(AB22/0.03125)*LN(AC22/AB22)) -> -0.64791843 | CG88: 1 | CH88: =(1+(AD22/0.03125)*LN(AE22/AD22)) -> 0.45069386 | CI88: =(1+(AE22/0.03125)*LN(AF22/AE22)) -> 0.23376156 | CJ88: =(1+(AF22/0.03125)*LN(AG22/AF22)) -> 0.15881941 | CK88: =(1+(AG22/0.03125)*LN(AH22/AG22)) -> 0.1203995 | CL88: =(1+(AH22/0.03125)*LN(AI22/AH22)) -> 0.09698187 | CM88: =(1+(AI22/0.03125)*LN(AJ22/AI22)) -> 0.081202534 | CN88: =(1+(AJ22/0.03125)*LN(AK22/AJ22)) -> 0.069844516 | CO88: =(1+(AK22/0.03125)*LN(AL22/AK22)) -> 0.061276428 | ... DE88: =(1+(BA22/0.03125)*LN(BB22/BA22)) -> 0.020691635 | DF88: =(1+(BB22/0.03125)*LN(BE22/BB22)) -> #NUM!
G89: 0.10268259 | H89: 29 | I89: 0.10268259 | K89: =(G89+G90) -> 0.19189216 | M89: =I89+I90 -> 0.19189216 | O89: =K89/2 -> 0.09594608 | Q89: =M89*0.5 -> 0.09594608 | S89: =-O89 -> -0.09594608 | U89: =-Q89 -> -0.09594608 | W89: =-K89*H45 -> -0.17090395 | Y89: =-M89*I45 -> -0.17090395 | AN89: 8 | AO89: =-(X23/0.03125)*LN(X23/W23)-1 -> -0.069844516 | AP89: =-(Y23/0.03125)*LN(Y23/X23)-1 -> -0.081202534 | AQ89: =-(Z23/0.03125)*LN(Z23/Y23)-1 -> -0.09698187 | AR89: =-(AA23/0.03125)*LN(AA23/Z23)-1 -> -0.1203995 | AS89: =-(AB23/0.03125)*LN(AB23/AA23)-1 -> -0.15881941 | AT89: =-(AC23/0.03125)*LN(AC23/AB23)-1 -> -0.23376156 | AU89: =-(AD23/0.03125)*LN(AD23/AC23)-1 -> -0.45069386 | AV89: -1 | AW89: =-(AF23/0.03125)*LN(AF23/AE23)-1 -> 0.64791843 | AX89: =-(AG23/0.03125)*LN(AG23/AF23)-1 -> 0.27706406 | AY89: =-(AH23/0.03125)*LN(AH23/AG23)-1 -> 0.17765283 | AZ89: =-(AI23/0.03125)*LN(AI23/AH23)-1 -> 0.13091493 | BA89: =-(AJ23/0.03125)*LN(AJ23/AI23)-1 -> 0.10368883 | BB89: =-(AK23/0.03125)*LN(AK23/AJ23)-1 -> 0.08585155 | BC89: =-(AL23/0.03125)*LN(AL23/AK23)-1 -> 0.073256327 | BD89: =-(AM23/0.03125)*LN(AM23/AL23)-1 -> 0.063886715 | ... BT89: =-(BC23/0.03125)*LN(BC23/BB23)-1 -> 0.020981062 | BW89: 8 | BZ89: 0 | CA89: =(1+(W23/0.03125)*LN(X23/W23)) -> -0.073256327 | CB89: =(1+(X23/0.03125)*LN(Y23/X23)) -> -0.08585155 | CC89: =(1+(Y23/0.03125)*LN(Z23/Y23)) -> -0.10368883 | CD89: =(1+(Z23/0.03125)*LN(AA23/Z23)) -> -0.13091493 | CE89: =(1+(AA23/0.03125)*LN(AB23/AA23)) -> -0.17765283 | CF89: =(1+(AB23/0.03125)*LN(AC23/AB23)) -> -0.27706406 | CG89: =(1+(AC23/0.03125)*LN(AD23/AC23)) -> -0.64791843 | CH89: 1 | CI89: =(1+(AE23/0.03125)*LN(AF23/AE23)) -> 0.45069386 | CJ89: =(1+(AF23/0.03125)*LN(AG23/AF23)) -> 0.23376156 | CK89: =(1+(AG23/0.03125)*LN(AH23/AG23)) -> 0.15881941 | CL89: =(1+(AH23/0.03125)*LN(AI23/AH23)) -> 0.1203995 | CM89: =(1+(AI23/0.03125)*LN(AJ23/AI23)) -> 0.09698187 | CN89: =(1+(AJ23/0.03125)*LN(AK23/AJ23)) -> 0.081202534 | CO89: =(1+(AK23/0.03125)*LN(AL23/AK23)) -> 0.069844516 | CP89: =(1+(AL23/0.03125)*LN(AM23/AL23)) -> 0.061276428 | ... DE89: =(1+(BA23/0.03125)*LN(BB23/BA23)) -> 0.021584981 | DF89: =(1+(BB23/0.03125)*LN(BE23/BB23)) -> #NUM!
G90: 0.089209573 | H90: 30 | I90: 0.089209573 | K90: =(G90+G91) -> 0.16186741 | M90: =I90+I91 -> 0.16186741 | O90: =K90/2 -> 0.080933705 | Q90: =M90*0.5 -> 0.080933705 | S90: =-O90 -> -0.080933705 | U90: =-Q90 -> -0.080933705 | W90: =-K90*H46 -> -0.14922152 | Y90: =-M90*I46 -> -0.14922152 | AN90: 9 | AO90: =-(X24/0.03125)*LN(X24/W24)-1 -> -0.061276428 | AP90: =-(Y24/0.03125)*LN(Y24/X24)-1 -> -0.069844516 | AQ90: =-(Z24/0.03125)*LN(Z24/Y24)-1 -> -0.081202534 | AR90: =-(AA24/0.03125)*LN(AA24/Z24)-1 -> -0.09698187 | AS90: =-(AB24/0.03125)*LN(AB24/AA24)-1 -> -0.1203995 | AT90: =-(AC24/0.03125)*LN(AC24/AB24)-1 -> -0.15881941 | AU90: =-(AD24/0.03125)*LN(AD24/AC24)-1 -> -0.23376156 | AV90: =-(AE24/0.03125)*LN(AE24/AD24)-1 -> -0.45069386 | AW90: -1 | AX90: =-(AG24/0.03125)*LN(AG24/AF24)-1 -> 0.64791843 | AY90: =-(AH24/0.03125)*LN(AH24/AG24)-1 -> 0.27706406 | AZ90: =-(AI24/0.03125)*LN(AI24/AH24)-1 -> 0.17765283 | BA90: =-(AJ24/0.03125)*LN(AJ24/AI24)-1 -> 0.13091493 | BB90: =-(AK24/0.03125)*LN(AK24/AJ24)-1 -> 0.10368883 | BC90: =-(AL24/0.03125)*LN(AL24/AK24)-1 -> 0.08585155 | BD90: =-(AM24/0.03125)*LN(AM24/AL24)-1 -> 0.073256327 | BE90: =-(AN24/0.03125)*LN(AN24/AM24)-1 -> 0.063886715 | ... BT90: =-(BC24/0.03125)*LN(BC24/BB24)-1 -> 0.021900131 | BW90: 9 | BZ90: 0 | CA90: =(1+(W24/0.03125)*LN(X24/W24)) -> -0.063886715 | CB90: =(1+(X24/0.03125)*LN(Y24/X24)) -> -0.073256327 | CC90: =(1+(Y24/0.03125)*LN(Z24/Y24)) -> -0.08585155 | CD90: =(1+(Z24/0.03125)*LN(AA24/Z24)) -> -0.10368883 | CE90: =(1+(AA24/0.03125)*LN(AB24/AA24)) -> -0.13091493 | CF90: =(1+(AB24/0.03125)*LN(AC24/AB24)) -> -0.17765283 | CG90: =(1+(AC24/0.03125)*LN(AD24/AC24)) -> -0.27706406 | CH90: =(1+(AD24/0.03125)*LN(AE24/AD24)) -> -0.64791843 | CI90: 1 | CJ90: =(1+(AF24/0.03125)*LN(AG24/AF24)) -> 0.45069386 | CK90: =(1+(AG24/0.03125)*LN(AH24/AG24)) -> 0.23376156 | CL90: =(1+(AH24/0.03125)*LN(AI24/AH24)) -> 0.15881941 | CM90: =(1+(AI24/0.03125)*LN(AJ24/AI24)) -> 0.1203995 | CN90: =(1+(AJ24/0.03125)*LN(AK24/AJ24)) -> 0.09698187 | CO90: =(1+(AK24/0.03125)*LN(AL24/AK24)) -> 0.081202534 | CP90: =(1+(AL24/0.03125)*LN(AM24/AL24)) -> 0.069844516 | CQ90: =(1+(AM24/0.03125)*LN(AN24/AM24)) -> 0.061276428 | ... DE90: =(1+(BA24/0.03125)*LN(BB24/BA24)) -> 0.022558957 | DF90: =(1+(BB24/0.03125)*LN(BE24/BB24)) -> #NUM!
G91: 0.072657837 | H91: 31 | I91: 0.072657837 | K91: =(G91+G92) -> 0.12410347 | M91: =I91+I92 -> 0.12410347 | O91: =K91/2 -> 0.062051733 | Q91: =M91*0.5 -> 0.062051733 | S91: =-O91 -> -0.062051733 | U91: =-Q91 -> -0.062051733 | W91: =-K91*H47 -> -0.11828612 | Y91: =-M91*I47 -> -0.11828612 | AN91: 10 | AO91: =-(X25/0.03125)*LN(X25/W25)-1 -> -0.054582102 | AP91: =-(Y25/0.03125)*LN(Y25/X25)-1 -> -0.061276428 | AQ91: =-(Z25/0.03125)*LN(Z25/Y25)-1 -> -0.069844516 | AR91: =-(AA25/0.03125)*LN(AA25/Z25)-1 -> -0.081202534 | AS91: =-(AB25/0.03125)*LN(AB25/AA25)-1 -> -0.09698187 | AT91: =-(AC25/0.03125)*LN(AC25/AB25)-1 -> -0.1203995 | AU91: =-(AD25/0.03125)*LN(AD25/AC25)-1 -> -0.15881941 | AV91: =-(AE25/0.03125)*LN(AE25/AD25)-1 -> -0.23376156 | AW91: =-(AF25/0.03125)*LN(AF25/AE25)-1 -> -0.45069386 | AX91: -1 | AY91: =-(AH25/0.03125)*LN(AH25/AG25)-1 -> 0.64791843 | AZ91: =-(AI25/0.03125)*LN(AI25/AH25)-1 -> 0.27706406 | BA91: =-(AJ25/0.03125)*LN(AJ25/AI25)-1 -> 0.17765283 | BB91: =-(AK25/0.03125)*LN(AK25/AJ25)-1 -> 0.13091493 | BC91: =-(AL25/0.03125)*LN(AL25/AK25)-1 -> 0.10368883 | BD91: =-(AM25/0.03125)*LN(AM25/AL25)-1 -> 0.08585155 | BE91: =-(AN25/0.03125)*LN(AN25/AM25)-1 -> 0.073256327 | BF91: =-(AO25/0.03125)*LN(AO25/AN25)-1 -> 0.063886715 | ... BT91: =-(BC25/0.03125)*LN(BC25/BB25)-1 -> 0.022903417 | BW91: 10 | BZ91: 0 | CA91: =(1+(W25/0.03125)*LN(X25/W25)) -> -0.056643534 | CB91: =(1+(X25/0.03125)*LN(Y25/X25)) -> -0.063886715 | CC91: =(1+(Y25/0.03125)*LN(Z25/Y25)) -> -0.073256327 | CD91: =(1+(Z25/0.03125)*LN(AA25/Z25)) -> -0.08585155 | CE91: =(1+(AA25/0.03125)*LN(AB25/AA25)) -> -0.10368883 | CF91: =(1+(AB25/0.03125)*LN(AC25/AB25)) -> -0.13091493 | CG91: =(1+(AC25/0.03125)*LN(AD25/AC25)) -> -0.17765283 | CH91: =(1+(AD25/0.03125)*LN(AE25/AD25)) -> -0.27706406 | CI91: =(1+(AE25/0.03125)*LN(AF25/AE25)) -> -0.64791843 | CJ91: 1 | CK91: =(1+(AG25/0.03125)*LN(AH25/AG25)) -> 0.45069386 | CL91: =(1+(AH25/0.03125)*LN(AI25/AH25)) -> 0.23376156 | CM91: =(1+(AI25/0.03125)*LN(AJ25/AI25)) -> 0.15881941 | CN91: =(1+(AJ25/0.03125)*LN(AK25/AJ25)) -> 0.1203995 | CO91: =(1+(AK25/0.03125)*LN(AL25/AK25)) -> 0.09698187 | CP91: =(1+(AL25/0.03125)*LN(AM25/AL25)) -> 0.081202534 | CQ91: =(1+(AM25/0.03125)*LN(AN25/AM25)) -> 0.069844516 | CR91: =(1+(AN25/0.03125)*LN(AO25/AN25)) -> 0.061276428 | ... DE91: =(1+(BA25/0.03125)*LN(BB25/BA25)) -> 0.023624996 | DF91: =(1+(BB25/0.03125)*LN(BE25/BB25)) -> #NUM!
G92: 0.051445629 | H92: 32 | I92: 0.051445629 | K92: =(G92+G93) -> 0.051445629 | M92: =I92+I93 -> 0.051445629 | O92: =K92/2 -> 0.025722814 | Q92: =M92*0.5 -> 0.025722814 | S92: =-O92 -> -0.025722814 | U92: =-Q92 -> -0.025722814 | W92: =-K92*H48 -> -0.050641791 | Y92: =-M92*I48 -> -0.050641791 | AN92: 11 | AO92: =-(X26/0.03125)*LN(X26/W26)-1 -> -0.049207144 | AP92: =-(Y26/0.03125)*LN(Y26/X26)-1 -> -0.054582102 | AQ92: =-(Z26/0.03125)*LN(Z26/Y26)-1 -> -0.061276428 | AR92: =-(AA26/0.03125)*LN(AA26/Z26)-1 -> -0.069844516 | AS92: =-(AB26/0.03125)*LN(AB26/AA26)-1 -> -0.081202534 | AT92: =-(AC26/0.03125)*LN(AC26/AB26)-1 -> -0.09698187 | AU92: =-(AD26/0.03125)*LN(AD26/AC26)-1 -> -0.1203995 | AV92: =-(AE26/0.03125)*LN(AE26/AD26)-1 -> -0.15881941 | ... AX92: =-(AG26/0.03125)*LN(AG26/AF26)-1 -> -0.45069386 | AY92: -1 | AZ92: =-(AI26/0.03125)*LN(AI26/AH26)-1 -> 0.64791843 | BA92: =-(AJ26/0.03125)*LN(AJ26/AI26)-1 -> 0.27706406 | BB92: =-(AK26/0.03125)*LN(AK26/AJ26)-1 -> 0.17765283 | BC92: =-(AL26/0.03125)*LN(AL26/AK26)-1 -> 0.13091493 | BD92: =-(AM26/0.03125)*LN(AM26/AL26)-1 -> 0.10368883 | BE92: =-(AN26/0.03125)*LN(AN26/AM26)-1 -> 0.08585155 | BF92: =-(AO26/0.03125)*LN(AO26/AN26)-1 -> 0.073256327 | BG92: =-(AP26/0.03125)*LN(AP26/AO26)-1 -> 0.063886715 | ... BT92: =-(BC26/0.03125)*LN(BC26/BB26)-1 -> 0.024003053 | BW92: 11 | BZ92: 0 | CA92: =(1+(W26/0.03125)*LN(X26/W26)) -> -0.050876315 | CB92: =(1+(X26/0.03125)*LN(Y26/X26)) -> -0.056643534 | CC92: =(1+(Y26/0.03125)*LN(Z26/Y26)) -> -0.063886715 | CD92: =(1+(Z26/0.03125)*LN(AA26/Z26)) -> -0.073256327 | CE92: =(1+(AA26/0.03125)*LN(AB26/AA26)) -> -0.08585155 | CF92: =(1+(AB26/0.03125)*LN(AC26/AB26)) -> -0.10368883 | CG92: =(1+(AC26/0.03125)*LN(AD26/AC26)) -> -0.13091493 | CH92: =(1+(AD26/0.03125)*LN(AE26/AD26)) -> -0.17765283 | ... CJ92: =(1+(AF26/0.03125)*LN(AG26/AF26)) -> -0.64791843 | CK92: 1 | CL92: =(1+(AH26/0.03125)*LN(AI26/AH26)) -> 0.45069386 | CM92: =(1+(AI26/0.03125)*LN(AJ26/AI26)) -> 0.23376156 | CN92: =(1+(AJ26/0.03125)*LN(AK26/AJ26)) -> 0.15881941 | CO92: =(1+(AK26/0.03125)*LN(AL26/AK26)) -> 0.1203995 | CP92: =(1+(AL26/0.03125)*LN(AM26/AL26)) -> 0.09698187 | CQ92: =(1+(AM26/0.03125)*LN(AN26/AM26)) -> 0.081202534 | CR92: =(1+(AN26/0.03125)*LN(AO26/AN26)) -> 0.069844516 | CS92: =(1+(AO26/0.03125)*LN(AP26/AO26)) -> 0.061276428 | ... DE92: =(1+(BA26/0.03125)*LN(BB26/BA26)) -> 0.024796799 | DF92: =(1+(BB26/0.03125)*LN(BE26/BB26)) -> #NUM!
AN93: 12 | AO93: =-(X27/0.03125)*LN(X27/W27)-1 -> -0.044796329 | AP93: =-(Y27/0.03125)*LN(Y27/X27)-1 -> -0.049207144 | AQ93: =-(Z27/0.03125)*LN(Z27/Y27)-1 -> -0.054582102 | AR93: =-(AA27/0.03125)*LN(AA27/Z27)-1 -> -0.061276428 | AS93: =-(AB27/0.03125)*LN(AB27/AA27)-1 -> -0.069844516 | AT93: =-(AC27/0.03125)*LN(AC27/AB27)-1 -> -0.081202534 | AU93: =-(AD27/0.03125)*LN(AD27/AC27)-1 -> -0.09698187 | AV93: =-(AE27/0.03125)*LN(AE27/AD27)-1 -> -0.1203995 | ... AY93: =-(AH27/0.03125)*LN(AH27/AG27)-1 -> -0.45069386 | AZ93: -1 | BA93: =-(AJ27/0.03125)*LN(AJ27/AI27)-1 -> 0.64791843 | BB93: =-(AK27/0.03125)*LN(AK27/AJ27)-1 -> 0.27706406 | BC93: =-(AL27/0.03125)*LN(AL27/AK27)-1 -> 0.17765283 | BD93: =-(AM27/0.03125)*LN(AM27/AL27)-1 -> 0.13091493 | BE93: =-(AN27/0.03125)*LN(AN27/AM27)-1 -> 0.10368883 | BF93: =-(AO27/0.03125)*LN(AO27/AN27)-1 -> 0.08585155 | BG93: =-(AP27/0.03125)*LN(AP27/AO27)-1 -> 0.073256327 | BH93: =-(AQ27/0.03125)*LN(AQ27/AP27)-1 -> 0.063886715 | ... BT93: =-(BC27/0.03125)*LN(BC27/BB27)-1 -> 0.025213622 | BW93: 12 | BZ93: 0 | CA93: =(1+(W27/0.03125)*LN(X27/W27)) -> -0.046175449 | CB93: =(1+(X27/0.03125)*LN(Y27/X27)) -> -0.050876315 | CC93: =(1+(Y27/0.03125)*LN(Z27/Y27)) -> -0.056643534 | CD93: =(1+(Z27/0.03125)*LN(AA27/Z27)) -> -0.063886715 | CE93: =(1+(AA27/0.03125)*LN(AB27/AA27)) -> -0.073256327 | CF93: =(1+(AB27/0.03125)*LN(AC27/AB27)) -> -0.08585155 | CG93: =(1+(AC27/0.03125)*LN(AD27/AC27)) -> -0.10368883 | CH93: =(1+(AD27/0.03125)*LN(AE27/AD27)) -> -0.13091493 | ... CK93: =(1+(AG27/0.03125)*LN(AH27/AG27)) -> -0.64791843 | CL93: 1 | CM93: =(1+(AI27/0.03125)*LN(AJ27/AI27)) -> 0.45069386 | CN93: =(1+(AJ27/0.03125)*LN(AK27/AJ27)) -> 0.23376156 | CO93: =(1+(AK27/0.03125)*LN(AL27/AK27)) -> 0.15881941 | CP93: =(1+(AL27/0.03125)*LN(AM27/AL27)) -> 0.1203995 | CQ93: =(1+(AM27/0.03125)*LN(AN27/AM27)) -> 0.09698187 | CR93: =(1+(AN27/0.03125)*LN(AO27/AN27)) -> 0.081202534 | CS93: =(1+(AO27/0.03125)*LN(AP27/AO27)) -> 0.069844516 | CT93: =(1+(AP27/0.03125)*LN(AQ27/AP27)) -> 0.061276428 | ... DE93: =(1+(BA27/0.03125)*LN(BB27/BA27)) -> 0.026090931 | DF93: =(1+(BB27/0.03125)*LN(BE27/BB27)) -> #NUM!
AN94: 13 | AO94: =-(X28/0.03125)*LN(X28/W28)-1 -> -0.041111497 | AP94: =-(Y28/0.03125)*LN(Y28/X28)-1 -> -0.044796329 | AQ94: =-(Z28/0.03125)*LN(Z28/Y28)-1 -> -0.049207144 | AR94: =-(AA28/0.03125)*LN(AA28/Z28)-1 -> -0.054582102 | AS94: =-(AB28/0.03125)*LN(AB28/AA28)-1 -> -0.061276428 | AT94: =-(AC28/0.03125)*LN(AC28/AB28)-1 -> -0.069844516 | AU94: =-(AD28/0.03125)*LN(AD28/AC28)-1 -> -0.081202534 | AV94: =-(AE28/0.03125)*LN(AE28/AD28)-1 -> -0.09698187 | ... AZ94: =-(AI28/0.03125)*LN(AI28/AH28)-1 -> -0.45069386 | BA94: -1 | BB94: =-(AK28/0.03125)*LN(AK28/AJ28)-1 -> 0.64791843 | BC94: =-(AL28/0.03125)*LN(AL28/AK28)-1 -> 0.27706406 | BD94: =-(AM28/0.03125)*LN(AM28/AL28)-1 -> 0.17765283 | BE94: =-(AN28/0.03125)*LN(AN28/AM28)-1 -> 0.13091493 | BF94: =-(AO28/0.03125)*LN(AO28/AN28)-1 -> 0.10368883 | BG94: =-(AP28/0.03125)*LN(AP28/AO28)-1 -> 0.08585155 | BH94: =-(AQ28/0.03125)*LN(AQ28/AP28)-1 -> 0.073256327 | BI94: =-(AR28/0.03125)*LN(AR28/AQ28)-1 -> 0.063886715 | ... BT94: =-(BC28/0.03125)*LN(BC28/BB28)-1 -> 0.026552803 | BW94: 13 | BZ94: 0 | CA94: =(1+(W28/0.03125)*LN(X28/W28)) -> -0.042270112 | CB94: =(1+(X28/0.03125)*LN(Y28/X28)) -> -0.046175449 | CC94: =(1+(Y28/0.03125)*LN(Z28/Y28)) -> -0.050876315 | CD94: =(1+(Z28/0.03125)*LN(AA28/Z28)) -> -0.056643534 | CE94: =(1+(AA28/0.03125)*LN(AB28/AA28)) -> -0.063886715 | CF94: =(1+(AB28/0.03125)*LN(AC28/AB28)) -> -0.073256327 | CG94: =(1+(AC28/0.03125)*LN(AD28/AC28)) -> -0.08585155 | CH94: =(1+(AD28/0.03125)*LN(AE28/AD28)) -> -0.10368883 | ... CL94: =(1+(AH28/0.03125)*LN(AI28/AH28)) -> -0.64791843 | CM94: 1 | CN94: =(1+(AJ28/0.03125)*LN(AK28/AJ28)) -> 0.45069386 | CO94: =(1+(AK28/0.03125)*LN(AL28/AK28)) -> 0.23376156 | CP94: =(1+(AL28/0.03125)*LN(AM28/AL28)) -> 0.15881941 | CQ94: =(1+(AM28/0.03125)*LN(AN28/AM28)) -> 0.1203995 | CR94: =(1+(AN28/0.03125)*LN(AO28/AN28)) -> 0.09698187 | CS94: =(1+(AO28/0.03125)*LN(AP28/AO28)) -> 0.081202534 | CT94: =(1+(AP28/0.03125)*LN(AQ28/AP28)) -> 0.069844516 | CU94: =(1+(AQ28/0.03125)*LN(AR28/AQ28)) -> 0.061276428 | ... DE94: =(1+(BA28/0.03125)*LN(BB28/BA28)) -> 0.027527605 | DF94: =(1+(BB28/0.03125)*LN(BE28/BB28)) -> #NUM!
AN95: 14 | AO95: =-(X29/0.03125)*LN(X29/W29)-1 -> -0.037986986 | AP95: =-(Y29/0.03125)*LN(Y29/X29)-1 -> -0.041111497 | AQ95: =-(Z29/0.03125)*LN(Z29/Y29)-1 -> -0.044796329 | AR95: =-(AA29/0.03125)*LN(AA29/Z29)-1 -> -0.049207144 | AS95: =-(AB29/0.03125)*LN(AB29/AA29)-1 -> -0.054582102 | AT95: =-(AC29/0.03125)*LN(AC29/AB29)-1 -> -0.061276428 | AU95: =-(AD29/0.03125)*LN(AD29/AC29)-1 -> -0.069844516 | AV95: =-(AE29/0.03125)*LN(AE29/AD29)-1 -> -0.081202534 | ... BA95: =-(AJ29/0.03125)*LN(AJ29/AI29)-1 -> -0.45069386 | BB95: -1 | BC95: =-(AL29/0.03125)*LN(AL29/AK29)-1 -> 0.64791843 | BD95: =-(AM29/0.03125)*LN(AM29/AL29)-1 -> 0.27706406 | BE95: =-(AN29/0.03125)*LN(AN29/AM29)-1 -> 0.17765283 | BF95: =-(AO29/0.03125)*LN(AO29/AN29)-1 -> 0.13091493 | BG95: =-(AP29/0.03125)*LN(AP29/AO29)-1 -> 0.10368883 | BH95: =-(AQ29/0.03125)*LN(AQ29/AP29)-1 -> 0.08585155 | BI95: =-(AR29/0.03125)*LN(AR29/AQ29)-1 -> 0.073256327 | BJ95: =-(AS29/0.03125)*LN(AS29/AR29)-1 -> 0.063886715 | ... BT95: =-(BC29/0.03125)*LN(BC29/BB29)-1 -> 0.028042246 | BW95: 14 | BZ95: 0 | CA95: =(1+(W29/0.03125)*LN(X29/W29)) -> -0.038974055 | CB95: =(1+(X29/0.03125)*LN(Y29/X29)) -> -0.042270112 | CC95: =(1+(Y29/0.03125)*LN(Z29/Y29)) -> -0.046175449 | CD95: =(1+(Z29/0.03125)*LN(AA29/Z29)) -> -0.050876315 | CE95: =(1+(AA29/0.03125)*LN(AB29/AA29)) -> -0.056643534 | CF95: =(1+(AB29/0.03125)*LN(AC29/AB29)) -> -0.063886715 | CG95: =(1+(AC29/0.03125)*LN(AD29/AC29)) -> -0.073256327 | CH95: =(1+(AD29/0.03125)*LN(AE29/AD29)) -> -0.08585155 | ... CM95: =(1+(AI29/0.03125)*LN(AJ29/AI29)) -> -0.64791843 | CN95: 1 | CO95: =(1+(AK29/0.03125)*LN(AL29/AK29)) -> 0.45069386 | CP95: =(1+(AL29/0.03125)*LN(AM29/AL29)) -> 0.23376156 | CQ95: =(1+(AM29/0.03125)*LN(AN29/AM29)) -> 0.15881941 | CR95: =(1+(AN29/0.03125)*LN(AO29/AN29)) -> 0.1203995 | CS95: =(1+(AO29/0.03125)*LN(AP29/AO29)) -> 0.09698187 | CT95: =(1+(AP29/0.03125)*LN(AQ29/AP29)) -> 0.081202534 | CU95: =(1+(AQ29/0.03125)*LN(AR29/AQ29)) -> 0.069844516 | CV95: =(1+(AR29/0.03125)*LN(AS29/AR29)) -> 0.061276428 | ... DE95: =(1+(BA29/0.03125)*LN(BB29/BA29)) -> 0.02913175 | DF95: =(1+(BB29/0.03125)*LN(BE29/BB29)) -> #NUM!
A96: I | I96: Cl_total | K96: =SUM(K61:K92)*0.03125 -> 0.31681019 | M96: =SUM(M61:M92)*0.03125 -> 0.31681019 | T96: Cmiba_total | W96: =SUM(W61:W92)*0.03125 -> -0.15110366 | Y96: =SUM(Y61:Y92)*0.03125 -> -0.15110366 | AN96: 15 | AO96: =-(X30/0.03125)*LN(X30/W30)-1 -> -0.035303986 | AP96: =-(Y30/0.03125)*LN(Y30/X30)-1 -> -0.037986986 | AQ96: =-(Z30/0.03125)*LN(Z30/Y30)-1 -> -0.041111497 | AR96: =-(AA30/0.03125)*LN(AA30/Z30)-1 -> -0.044796329 | AS96: =-(AB30/0.03125)*LN(AB30/AA30)-1 -> -0.049207144 | AT96: =-(AC30/0.03125)*LN(AC30/AB30)-1 -> -0.054582102 | AU96: =-(AD30/0.03125)*LN(AD30/AC30)-1 -> -0.061276428 | AV96: =-(AE30/0.03125)*LN(AE30/AD30)-1 -> -0.069844516 | ... BB96: =-(AK30/0.03125)*LN(AK30/AJ30)-1 -> -0.45069386 | BC96: -1 | BD96: =-(AM30/0.03125)*LN(AM30/AL30)-1 -> 0.64791843 | BE96: =-(AN30/0.03125)*LN(AN30/AM30)-1 -> 0.27706406 | BF96: =-(AO30/0.03125)*LN(AO30/AN30)-1 -> 0.17765283 | BG96: =-(AP30/0.03125)*LN(AP30/AO30)-1 -> 0.13091493 | BH96: =-(AQ30/0.03125)*LN(AQ30/AP30)-1 -> 0.10368883 | BI96: =-(AR30/0.03125)*LN(AR30/AQ30)-1 -> 0.08585155 | BJ96: =-(AS30/0.03125)*LN(AS30/AR30)-1 -> 0.073256327 | BK96: =-(AT30/0.03125)*LN(AT30/AS30)-1 -> 0.063886715 | ... BT96: =-(BC30/0.03125)*LN(BC30/BB30)-1 -> 0.02970875 | BW96: 15 | BZ96: 0 | CA96: =(1+(W30/0.03125)*LN(X30/W30)) -> -0.036154978 | CB96: =(1+(X30/0.03125)*LN(Y30/X30)) -> -0.038974055 | CC96: =(1+(Y30/0.03125)*LN(Z30/Y30)) -> -0.042270112 | CD96: =(1+(Z30/0.03125)*LN(AA30/Z30)) -> -0.046175449 | CE96: =(1+(AA30/0.03125)*LN(AB30/AA30)) -> -0.050876315 | CF96: =(1+(AB30/0.03125)*LN(AC30/AB30)) -> -0.056643534 | CG96: =(1+(AC30/0.03125)*LN(AD30/AC30)) -> -0.063886715 | CH96: =(1+(AD30/0.03125)*LN(AE30/AD30)) -> -0.073256327 | ... CN96: =(1+(AJ30/0.03125)*LN(AK30/AJ30)) -> -0.64791843 | CO96: 1 | CP96: =(1+(AL30/0.03125)*LN(AM30/AL30)) -> 0.45069386 | CQ96: =(1+(AM30/0.03125)*LN(AN30/AM30)) -> 0.23376156 | CR96: =(1+(AN30/0.03125)*LN(AO30/AN30)) -> 0.15881941 | CS96: =(1+(AO30/0.03125)*LN(AP30/AO30)) -> 0.1203995 | CT96: =(1+(AP30/0.03125)*LN(AQ30/AP30)) -> 0.09698187 | CU96: =(1+(AQ30/0.03125)*LN(AR30/AQ30)) -> 0.081202534 | CV96: =(1+(AR30/0.03125)*LN(AS30/AR30)) -> 0.069844516 | CW96: =(1+(AS30/0.03125)*LN(AT30/AS30)) -> 0.061276428 | ... DE96: =(1+(BA30/0.03125)*LN(BB30/BA30)) -> 0.030934467 | DF96: =(1+(BB30/0.03125)*LN(BE30/BB30)) -> #NUM!
AN97: 16 | AO97: =-(X31/0.03125)*LN(X31/W31)-1 -> -0.03297507 | AP97: =-(Y31/0.03125)*LN(Y31/X31)-1 -> -0.035303986 | AQ97: =-(Z31/0.03125)*LN(Z31/Y31)-1 -> -0.037986986 | AR97: =-(AA31/0.03125)*LN(AA31/Z31)-1 -> -0.041111497 | AS97: =-(AB31/0.03125)*LN(AB31/AA31)-1 -> -0.044796329 | AT97: =-(AC31/0.03125)*LN(AC31/AB31)-1 -> -0.049207144 | AU97: =-(AD31/0.03125)*LN(AD31/AC31)-1 -> -0.054582102 | AV97: =-(AE31/0.03125)*LN(AE31/AD31)-1 -> -0.061276428 | ... BC97: =-(AL31/0.03125)*LN(AL31/AK31)-1 -> -0.45069386 | BD97: -1 | BE97: =-(AN31/0.03125)*LN(AN31/AM31)-1 -> 0.64791843 | BF97: =-(AO31/0.03125)*LN(AO31/AN31)-1 -> 0.27706406 | BG97: =-(AP31/0.03125)*LN(AP31/AO31)-1 -> 0.17765283 | BH97: =-(AQ31/0.03125)*LN(AQ31/AP31)-1 -> 0.13091493 | BI97: =-(AR31/0.03125)*LN(AR31/AQ31)-1 -> 0.10368883 | BJ97: =-(AS31/0.03125)*LN(AS31/AR31)-1 -> 0.08585155 | BK97: =-(AT31/0.03125)*LN(AT31/AS31)-1 -> 0.073256327 | BL97: =-(AU31/0.03125)*LN(AU31/AT31)-1 -> 0.063886715 | ... BT97: =-(BC31/0.03125)*LN(BC31/BB31)-1 -> 0.03158589 | BW97: 16 | BZ97: 0 | CA97: =(1+(W31/0.03125)*LN(X31/W31)) -> -0.033716305 | CB97: =(1+(X31/0.03125)*LN(Y31/X31)) -> -0.036154978 | CC97: =(1+(Y31/0.03125)*LN(Z31/Y31)) -> -0.038974055 | CD97: =(1+(Z31/0.03125)*LN(AA31/Z31)) -> -0.042270112 | CE97: =(1+(AA31/0.03125)*LN(AB31/AA31)) -> -0.046175449 | CF97: =(1+(AB31/0.03125)*LN(AC31/AB31)) -> -0.050876315 | CG97: =(1+(AC31/0.03125)*LN(AD31/AC31)) -> -0.056643534 | CH97: =(1+(AD31/0.03125)*LN(AE31/AD31)) -> -0.063886715 | ... CO97: =(1+(AK31/0.03125)*LN(AL31/AK31)) -> -0.64791843 | CP97: 1 | CQ97: =(1+(AM31/0.03125)*LN(AN31/AM31)) -> 0.45069386 | CR97: =(1+(AN31/0.03125)*LN(AO31/AN31)) -> 0.23376156 | CS97: =(1+(AO31/0.03125)*LN(AP31/AO31)) -> 0.15881941 | CT97: =(1+(AP31/0.03125)*LN(AQ31/AP31)) -> 0.1203995 | CU97: =(1+(AQ31/0.03125)*LN(AR31/AQ31)) -> 0.09698187 | CV97: =(1+(AR31/0.03125)*LN(AS31/AR31)) -> 0.081202534 | CW97: =(1+(AS31/0.03125)*LN(AT31/AS31)) -> 0.069844516 | CX97: =(1+(AT31/0.03125)*LN(AU31/AT31)) -> 0.061276428 | ... DE97: =(1+(BA31/0.03125)*LN(BB31/BA31)) -> 0.03297507 | DF97: =(1+(BB31/0.03125)*LN(BE31/BB31)) -> #NUM!
AN98: 17 | AO98: =-(X32/0.03125)*LN(X32/W32)-1 -> -0.030934467 | AP98: =-(Y32/0.03125)*LN(Y32/X32)-1 -> -0.03297507 | AQ98: =-(Z32/0.03125)*LN(Z32/Y32)-1 -> -0.035303986 | AR98: =-(AA32/0.03125)*LN(AA32/Z32)-1 -> -0.037986986 | AS98: =-(AB32/0.03125)*LN(AB32/AA32)-1 -> -0.041111497 | AT98: =-(AC32/0.03125)*LN(AC32/AB32)-1 -> -0.044796329 | AU98: =-(AD32/0.03125)*LN(AD32/AC32)-1 -> -0.049207144 | AV98: =-(AE32/0.03125)*LN(AE32/AD32)-1 -> -0.054582102 | ... BD98: =-(AM32/0.03125)*LN(AM32/AL32)-1 -> -0.45069386 | BE98: -1 | BF98: =-(AO32/0.03125)*LN(AO32/AN32)-1 -> 0.64791843 | BG98: =-(AP32/0.03125)*LN(AP32/AO32)-1 -> 0.27706406 | BH98: =-(AQ32/0.03125)*LN(AQ32/AP32)-1 -> 0.17765283 | BI98: =-(AR32/0.03125)*LN(AR32/AQ32)-1 -> 0.13091493 | BJ98: =-(AS32/0.03125)*LN(AS32/AR32)-1 -> 0.10368883 | BK98: =-(AT32/0.03125)*LN(AT32/AS32)-1 -> 0.08585155 | BL98: =-(AU32/0.03125)*LN(AU32/AT32)-1 -> 0.073256327 | BM98: =-(AV32/0.03125)*LN(AV32/AU32)-1 -> 0.063886715 | ... BT98: =-(BC32/0.03125)*LN(BC32/BB32)-1 -> 0.033716305 | BW98: 17 | BZ98: 0 | CA98: =(1+(W32/0.03125)*LN(X32/W32)) -> -0.03158589 | CB98: =(1+(X32/0.03125)*LN(Y32/X32)) -> -0.033716305 | CC98: =(1+(Y32/0.03125)*LN(Z32/Y32)) -> -0.036154978 | CD98: =(1+(Z32/0.03125)*LN(AA32/Z32)) -> -0.038974055 | CE98: =(1+(AA32/0.03125)*LN(AB32/AA32)) -> -0.042270112 | CF98: =(1+(AB32/0.03125)*LN(AC32/AB32)) -> -0.046175449 | CG98: =(1+(AC32/0.03125)*LN(AD32/AC32)) -> -0.050876315 | CH98: =(1+(AD32/0.03125)*LN(AE32/AD32)) -> -0.056643534 | ... CP98: =(1+(AL32/0.03125)*LN(AM32/AL32)) -> -0.64791843 | CQ98: 1 | CR98: =(1+(AN32/0.03125)*LN(AO32/AN32)) -> 0.45069386 | CS98: =(1+(AO32/0.03125)*LN(AP32/AO32)) -> 0.23376156 | CT98: =(1+(AP32/0.03125)*LN(AQ32/AP32)) -> 0.15881941 | CU98: =(1+(AQ32/0.03125)*LN(AR32/AQ32)) -> 0.1203995 | CV98: =(1+(AR32/0.03125)*LN(AS32/AR32)) -> 0.09698187 | CW98: =(1+(AS32/0.03125)*LN(AT32/AS32)) -> 0.081202534 | CX98: =(1+(AT32/0.03125)*LN(AU32/AT32)) -> 0.069844516 | CY98: =(1+(AU32/0.03125)*LN(AV32/AU32)) -> 0.061276428 | ... DE98: =(1+(BA32/0.03125)*LN(BB32/BA32)) -> 0.035303986 | DF98: =(1+(BB32/0.03125)*LN(BE32/BB32)) -> #NUM!
AN99: 18 | AO99: =-(X33/0.03125)*LN(X33/W33)-1 -> -0.02913175 | AP99: =-(Y33/0.03125)*LN(Y33/X33)-1 -> -0.030934467 | AQ99: =-(Z33/0.03125)*LN(Z33/Y33)-1 -> -0.03297507 | AR99: =-(AA33/0.03125)*LN(AA33/Z33)-1 -> -0.035303986 | AS99: =-(AB33/0.03125)*LN(AB33/AA33)-1 -> -0.037986986 | AT99: =-(AC33/0.03125)*LN(AC33/AB33)-1 -> -0.041111497 | AU99: =-(AD33/0.03125)*LN(AD33/AC33)-1 -> -0.044796329 | AV99: =-(AE33/0.03125)*LN(AE33/AD33)-1 -> -0.049207144 | ... BE99: =-(AN33/0.03125)*LN(AN33/AM33)-1 -> -0.45069386 | BF99: -1 | BG99: =-(AP33/0.03125)*LN(AP33/AO33)-1 -> 0.64791843 | BH99: =-(AQ33/0.03125)*LN(AQ33/AP33)-1 -> 0.27706406 | BI99: =-(AR33/0.03125)*LN(AR33/AQ33)-1 -> 0.17765283 | BJ99: =-(AS33/0.03125)*LN(AS33/AR33)-1 -> 0.13091493 | BK99: =-(AT33/0.03125)*LN(AT33/AS33)-1 -> 0.10368883 | BL99: =-(AU33/0.03125)*LN(AU33/AT33)-1 -> 0.08585155 | BM99: =-(AV33/0.03125)*LN(AV33/AU33)-1 -> 0.073256327 | BN99: =-(AW33/0.03125)*LN(AW33/AV33)-1 -> 0.063886715 | ... BT99: =-(BC33/0.03125)*LN(BC33/BB33)-1 -> 0.036154978 | BW99: 18 | BZ99: 0 | CA99: =(1+(W33/0.03125)*LN(X33/W33)) -> -0.02970875 | CB99: =(1+(X33/0.03125)*LN(Y33/X33)) -> -0.03158589 | CC99: =(1+(Y33/0.03125)*LN(Z33/Y33)) -> -0.033716305 | CD99: =(1+(Z33/0.03125)*LN(AA33/Z33)) -> -0.036154978 | CE99: =(1+(AA33/0.03125)*LN(AB33/AA33)) -> -0.038974055 | CF99: =(1+(AB33/0.03125)*LN(AC33/AB33)) -> -0.042270112 | CG99: =(1+(AC33/0.03125)*LN(AD33/AC33)) -> -0.046175449 | CH99: =(1+(AD33/0.03125)*LN(AE33/AD33)) -> -0.050876315 | ... CQ99: =(1+(AM33/0.03125)*LN(AN33/AM33)) -> -0.64791843 | CR99: 1 | CS99: =(1+(AO33/0.03125)*LN(AP33/AO33)) -> 0.45069386 | CT99: =(1+(AP33/0.03125)*LN(AQ33/AP33)) -> 0.23376156 | CU99: =(1+(AQ33/0.03125)*LN(AR33/AQ33)) -> 0.15881941 | CV99: =(1+(AR33/0.03125)*LN(AS33/AR33)) -> 0.1203995 | CW99: =(1+(AS33/0.03125)*LN(AT33/AS33)) -> 0.09698187 | CX99: =(1+(AT33/0.03125)*LN(AU33/AT33)) -> 0.081202534 | CY99: =(1+(AU33/0.03125)*LN(AV33/AU33)) -> 0.069844516 | CZ99: =(1+(AV33/0.03125)*LN(AW33/AV33)) -> 0.061276428 | ... DE99: =(1+(BA33/0.03125)*LN(BB33/BA33)) -> 0.037986986 | DF99: =(1+(BB33/0.03125)*LN(BE33/BB33)) -> #NUM!
AN100: 19 | AO100: =-(X34/0.03125)*LN(X34/W34)-1 -> -0.027527605 | AP100: =-(Y34/0.03125)*LN(Y34/X34)-1 -> -0.02913175 | AQ100: =-(Z34/0.03125)*LN(Z34/Y34)-1 -> -0.030934467 | AR100: =-(AA34/0.03125)*LN(AA34/Z34)-1 -> -0.03297507 | AS100: =-(AB34/0.03125)*LN(AB34/AA34)-1 -> -0.035303986 | AT100: =-(AC34/0.03125)*LN(AC34/AB34)-1 -> -0.037986986 | AU100: =-(AD34/0.03125)*LN(AD34/AC34)-1 -> -0.041111497 | AV100: =-(AE34/0.03125)*LN(AE34/AD34)-1 -> -0.044796329 | ... BF100: =-(AO34/0.03125)*LN(AO34/AN34)-1 -> -0.45069386 | BG100: -1 | BH100: =-(AQ34/0.03125)*LN(AQ34/AP34)-1 -> 0.64791843 | BI100: =-(AR34/0.03125)*LN(AR34/AQ34)-1 -> 0.27706406 | BJ100: =-(AS34/0.03125)*LN(AS34/AR34)-1 -> 0.17765283 | BK100: =-(AT34/0.03125)*LN(AT34/AS34)-1 -> 0.13091493 | BL100: =-(AU34/0.03125)*LN(AU34/AT34)-1 -> 0.10368883 | BM100: =-(AV34/0.03125)*LN(AV34/AU34)-1 -> 0.08585155 | BN100: =-(AW34/0.03125)*LN(AW34/AV34)-1 -> 0.073256327 | BO100: =-(AX34/0.03125)*LN(AX34/AW34)-1 -> 0.063886715 | ... BT100: =-(BC34/0.03125)*LN(BC34/BB34)-1 -> 0.038974055 | BW100: 19 | BZ100: 0 | CA100: =(1+(W34/0.03125)*LN(X34/W34)) -> -0.028042246 | CB100: =(1+(X34/0.03125)*LN(Y34/X34)) -> -0.02970875 | CC100: =(1+(Y34/0.03125)*LN(Z34/Y34)) -> -0.03158589 | CD100: =(1+(Z34/0.03125)*LN(AA34/Z34)) -> -0.033716305 | CE100: =(1+(AA34/0.03125)*LN(AB34/AA34)) -> -0.036154978 | CF100: =(1+(AB34/0.03125)*LN(AC34/AB34)) -> -0.038974055 | CG100: =(1+(AC34/0.03125)*LN(AD34/AC34)) -> -0.042270112 | CH100: =(1+(AD34/0.03125)*LN(AE34/AD34)) -> -0.046175449 | ... CR100: =(1+(AN34/0.03125)*LN(AO34/AN34)) -> -0.64791843 | CS100: 1 | CT100: =(1+(AP34/0.03125)*LN(AQ34/AP34)) -> 0.45069386 | CU100: =(1+(AQ34/0.03125)*LN(AR34/AQ34)) -> 0.23376156 | CV100: =(1+(AR34/0.03125)*LN(AS34/AR34)) -> 0.15881941 | CW100: =(1+(AS34/0.03125)*LN(AT34/AS34)) -> 0.1203995 | CX100: =(1+(AT34/0.03125)*LN(AU34/AT34)) -> 0.09698187 | CY100: =(1+(AU34/0.03125)*LN(AV34/AU34)) -> 0.081202534 | CZ100: =(1+(AV34/0.03125)*LN(AW34/AV34)) -> 0.069844516 | DA100: =(1+(AW34/0.03125)*LN(AX34/AW34)) -> 0.061276428 | ... DE100: =(1+(BA34/0.03125)*LN(BB34/BA34)) -> 0.041111497 | DF100: =(1+(BB34/0.03125)*LN(BE34/BB34)) -> #NUM!
AN101: 20 | AO101: =-(X35/0.03125)*LN(X35/W35)-1 -> -0.026090931 | AP101: =-(Y35/0.03125)*LN(Y35/X35)-1 -> -0.027527605 | AQ101: =-(Z35/0.03125)*LN(Z35/Y35)-1 -> -0.02913175 | AR101: =-(AA35/0.03125)*LN(AA35/Z35)-1 -> -0.030934467 | AS101: =-(AB35/0.03125)*LN(AB35/AA35)-1 -> -0.03297507 | AT101: =-(AC35/0.03125)*LN(AC35/AB35)-1 -> -0.035303986 | AU101: =-(AD35/0.03125)*LN(AD35/AC35)-1 -> -0.037986986 | AV101: =-(AE35/0.03125)*LN(AE35/AD35)-1 -> -0.041111497 | ... BG101: =-(AP35/0.03125)*LN(AP35/AO35)-1 -> -0.45069386 | BH101: -1 | BI101: =-(AR35/0.03125)*LN(AR35/AQ35)-1 -> 0.64791843 | BJ101: =-(AS35/0.03125)*LN(AS35/AR35)-1 -> 0.27706406 | BK101: =-(AT35/0.03125)*LN(AT35/AS35)-1 -> 0.17765283 | BL101: =-(AU35/0.03125)*LN(AU35/AT35)-1 -> 0.13091493 | BM101: =-(AV35/0.03125)*LN(AV35/AU35)-1 -> 0.10368883 | BN101: =-(AW35/0.03125)*LN(AW35/AV35)-1 -> 0.08585155 | BO101: =-(AX35/0.03125)*LN(AX35/AW35)-1 -> 0.073256327 | BP101: =-(AY35/0.03125)*LN(AY35/AX35)-1 -> 0.063886715 | ... BT101: =-(BC35/0.03125)*LN(BC35/BB35)-1 -> 0.042270112 | BW101: 20 | BZ101: 0 | CA101: =(1+(W35/0.03125)*LN(X35/W35)) -> -0.026552803 | CB101: =(1+(X35/0.03125)*LN(Y35/X35)) -> -0.028042246 | CC101: =(1+(Y35/0.03125)*LN(Z35/Y35)) -> -0.02970875 | CD101: =(1+(Z35/0.03125)*LN(AA35/Z35)) -> -0.03158589 | CE101: =(1+(AA35/0.03125)*LN(AB35/AA35)) -> -0.033716305 | CF101: =(1+(AB35/0.03125)*LN(AC35/AB35)) -> -0.036154978 | CG101: =(1+(AC35/0.03125)*LN(AD35/AC35)) -> -0.038974055 | CH101: =(1+(AD35/0.03125)*LN(AE35/AD35)) -> -0.042270112 | ... CS101: =(1+(AO35/0.03125)*LN(AP35/AO35)) -> -0.64791843 | CT101: 1 | CU101: =(1+(AQ35/0.03125)*LN(AR35/AQ35)) -> 0.45069386 | CV101: =(1+(AR35/0.03125)*LN(AS35/AR35)) -> 0.23376156 | CW101: =(1+(AS35/0.03125)*LN(AT35/AS35)) -> 0.15881941 | CX101: =(1+(AT35/0.03125)*LN(AU35/AT35)) -> 0.1203995 | CY101: =(1+(AU35/0.03125)*LN(AV35/AU35)) -> 0.09698187 | CZ101: =(1+(AV35/0.03125)*LN(AW35/AV35)) -> 0.081202534 | DA101: =(1+(AW35/0.03125)*LN(AX35/AW35)) -> 0.069844516 | DB101: =(1+(AX35/0.03125)*LN(AY35/AX35)) -> 0.061276428 | ... DE101: =(1+(BA35/0.03125)*LN(BB35/BA35)) -> 0.044796329 | DF101: =(1+(BB35/0.03125)*LN(BE35/BB35)) -> #NUM!
AN102: 21 | AO102: =-(X36/0.03125)*LN(X36/W36)-1 -> -0.024796799 | AP102: =-(Y36/0.03125)*LN(Y36/X36)-1 -> -0.026090931 | AQ102: =-(Z36/0.03125)*LN(Z36/Y36)-1 -> -0.027527605 | AR102: =-(AA36/0.03125)*LN(AA36/Z36)-1 -> -0.02913175 | AS102: =-(AB36/0.03125)*LN(AB36/AA36)-1 -> -0.030934467 | AT102: =-(AC36/0.03125)*LN(AC36/AB36)-1 -> -0.03297507 | AU102: =-(AD36/0.03125)*LN(AD36/AC36)-1 -> -0.035303986 | AV102: =-(AE36/0.03125)*LN(AE36/AD36)-1 -> -0.037986986 | ... BH102: =-(AQ36/0.03125)*LN(AQ36/AP36)-1 -> -0.45069386 | BI102: -1 | BJ102: =-(AS36/0.03125)*LN(AS36/AR36)-1 -> 0.64791843 | BK102: =-(AT36/0.03125)*LN(AT36/AS36)-1 -> 0.27706406 | BL102: =-(AU36/0.03125)*LN(AU36/AT36)-1 -> 0.17765283 | BM102: =-(AV36/0.03125)*LN(AV36/AU36)-1 -> 0.13091493 | BN102: =-(AW36/0.03125)*LN(AW36/AV36)-1 -> 0.10368883 | BO102: =-(AX36/0.03125)*LN(AX36/AW36)-1 -> 0.08585155 | BP102: =-(AY36/0.03125)*LN(AY36/AX36)-1 -> 0.073256327 | BQ102: =-(AZ36/0.03125)*LN(AZ36/AY36)-1 -> 0.063886715 | ... BT102: =-(BC36/0.03125)*LN(BC36/BB36)-1 -> 0.046175449 | BW102: 21 | BZ102: 0 | CA102: =(1+(W36/0.03125)*LN(X36/W36)) -> -0.025213622 | CB102: =(1+(X36/0.03125)*LN(Y36/X36)) -> -0.026552803 | CC102: =(1+(Y36/0.03125)*LN(Z36/Y36)) -> -0.028042246 | CD102: =(1+(Z36/0.03125)*LN(AA36/Z36)) -> -0.02970875 | CE102: =(1+(AA36/0.03125)*LN(AB36/AA36)) -> -0.03158589 | CF102: =(1+(AB36/0.03125)*LN(AC36/AB36)) -> -0.033716305 | CG102: =(1+(AC36/0.03125)*LN(AD36/AC36)) -> -0.036154978 | CH102: =(1+(AD36/0.03125)*LN(AE36/AD36)) -> -0.038974055 | ... CT102: =(1+(AP36/0.03125)*LN(AQ36/AP36)) -> -0.64791843 | CU102: 1 | CV102: =(1+(AR36/0.03125)*LN(AS36/AR36)) -> 0.45069386 | CW102: =(1+(AS36/0.03125)*LN(AT36/AS36)) -> 0.23376156 | CX102: =(1+(AT36/0.03125)*LN(AU36/AT36)) -> 0.15881941 | CY102: =(1+(AU36/0.03125)*LN(AV36/AU36)) -> 0.1203995 | CZ102: =(1+(AV36/0.03125)*LN(AW36/AV36)) -> 0.09698187 | DA102: =(1+(AW36/0.03125)*LN(AX36/AW36)) -> 0.081202534 | DB102: =(1+(AX36/0.03125)*LN(AY36/AX36)) -> 0.069844516 | DC102: =(1+(AY36/0.03125)*LN(AZ36/AY36)) -> 0.061276428 | ... DE102: =(1+(BA36/0.03125)*LN(BB36/BA36)) -> 0.049207144 | DF102: =(1+(BB36/0.03125)*LN(BE36/BB36)) -> #NUM!
AN103: 22 | AO103: =-(X37/0.03125)*LN(X37/W37)-1 -> -0.023624996 | AP103: =-(Y37/0.03125)*LN(Y37/X37)-1 -> -0.024796799 | AQ103: =-(Z37/0.03125)*LN(Z37/Y37)-1 -> -0.026090931 | AR103: =-(AA37/0.03125)*LN(AA37/Z37)-1 -> -0.027527605 | AS103: =-(AB37/0.03125)*LN(AB37/AA37)-1 -> -0.02913175 | AT103: =-(AC37/0.03125)*LN(AC37/AB37)-1 -> -0.030934467 | AU103: =-(AD37/0.03125)*LN(AD37/AC37)-1 -> -0.03297507 | AV103: =-(AE37/0.03125)*LN(AE37/AD37)-1 -> -0.035303986 | ... BI103: =-(AR37/0.03125)*LN(AR37/AQ37)-1 -> -0.45069386 | BJ103: -1 | BK103: =-(AT37/0.03125)*LN(AT37/AS37)-1 -> 0.64791843 | BL103: =-(AU37/0.03125)*LN(AU37/AT37)-1 -> 0.27706406 | BM103: =-(AV37/0.03125)*LN(AV37/AU37)-1 -> 0.17765283 | BN103: =-(AW37/0.03125)*LN(AW37/AV37)-1 -> 0.13091493 | BO103: =-(AX37/0.03125)*LN(AX37/AW37)-1 -> 0.10368883 | BP103: =-(AY37/0.03125)*LN(AY37/AX37)-1 -> 0.08585155 | BQ103: =-(AZ37/0.03125)*LN(AZ37/AY37)-1 -> 0.073256327 | BR103: =-(BA37/0.03125)*LN(BA37/AZ37)-1 -> 0.063886715 | ... BT103: =-(BC37/0.03125)*LN(BC37/BB37)-1 -> 0.050876315 | BW103: 22 | BZ103: 0 | CA103: =(1+(W37/0.03125)*LN(X37/W37)) -> -0.024003053 | CB103: =(1+(X37/0.03125)*LN(Y37/X37)) -> -0.025213622 | CC103: =(1+(Y37/0.03125)*LN(Z37/Y37)) -> -0.026552803 | CD103: =(1+(Z37/0.03125)*LN(AA37/Z37)) -> -0.028042246 | CE103: =(1+(AA37/0.03125)*LN(AB37/AA37)) -> -0.02970875 | CF103: =(1+(AB37/0.03125)*LN(AC37/AB37)) -> -0.03158589 | CG103: =(1+(AC37/0.03125)*LN(AD37/AC37)) -> -0.033716305 | CH103: =(1+(AD37/0.03125)*LN(AE37/AD37)) -> -0.036154978 | ... CU103: =(1+(AQ37/0.03125)*LN(AR37/AQ37)) -> -0.64791843 | CV103: 1 | CW103: =(1+(AS37/0.03125)*LN(AT37/AS37)) -> 0.45069386 | CX103: =(1+(AT37/0.03125)*LN(AU37/AT37)) -> 0.23376156 | CY103: =(1+(AU37/0.03125)*LN(AV37/AU37)) -> 0.15881941 | CZ103: =(1+(AV37/0.03125)*LN(AW37/AV37)) -> 0.1203995 | DA103: =(1+(AW37/0.03125)*LN(AX37/AW37)) -> 0.09698187 | DB103: =(1+(AX37/0.03125)*LN(AY37/AX37)) -> 0.081202534 | DC103: =(1+(AY37/0.03125)*LN(AZ37/AY37)) -> 0.069844516 | DD103: =(1+(AZ37/0.03125)*LN(BA37/AZ37)) -> 0.061276428 | DE103: =(1+(BA37/0.03125)*LN(BB37/BA37)) -> 0.054582102 | DF103: =(1+(BB37/0.03125)*LN(BE37/BB37)) -> #NUM!
AN104: 23 | AO104: =-(X38/0.03125)*LN(X38/W38)-1 -> -0.022558957 | AP104: =-(Y38/0.03125)*LN(Y38/X38)-1 -> -0.023624996 | AQ104: =-(Z38/0.03125)*LN(Z38/Y38)-1 -> -0.024796799 | AR104: =-(AA38/0.03125)*LN(AA38/Z38)-1 -> -0.026090931 | AS104: =-(AB38/0.03125)*LN(AB38/AA38)-1 -> -0.027527605 | AT104: =-(AC38/0.03125)*LN(AC38/AB38)-1 -> -0.02913175 | AU104: =-(AD38/0.03125)*LN(AD38/AC38)-1 -> -0.030934467 | AV104: =-(AE38/0.03125)*LN(AE38/AD38)-1 -> -0.03297507 | ... BJ104: =-(AS38/0.03125)*LN(AS38/AR38)-1 -> -0.45069386 | BK104: -1 | BL104: =-(AU38/0.03125)*LN(AU38/AT38)-1 -> 0.64791843 | BM104: =-(AV38/0.03125)*LN(AV38/AU38)-1 -> 0.27706406 | BN104: =-(AW38/0.03125)*LN(AW38/AV38)-1 -> 0.17765283 | BO104: =-(AX38/0.03125)*LN(AX38/AW38)-1 -> 0.13091493 | BP104: =-(AY38/0.03125)*LN(AY38/AX38)-1 -> 0.10368883 | BQ104: =-(AZ38/0.03125)*LN(AZ38/AY38)-1 -> 0.08585155 | BR104: =-(BA38/0.03125)*LN(BA38/AZ38)-1 -> 0.073256327 | BS104: =-(BB38/0.03125)*LN(BB38/BA38)-1 -> 0.063886715 | BT104: =-(BC38/0.03125)*LN(BC38/BB38)-1 -> 0.056643534 | BW104: 23 | BZ104: 0 | CA104: =(1+(W38/0.03125)*LN(X38/W38)) -> -0.022903417 | CB104: =(1+(X38/0.03125)*LN(Y38/X38)) -> -0.024003053 | CC104: =(1+(Y38/0.03125)*LN(Z38/Y38)) -> -0.025213622 | CD104: =(1+(Z38/0.03125)*LN(AA38/Z38)) -> -0.026552803 | CE104: =(1+(AA38/0.03125)*LN(AB38/AA38)) -> -0.028042246 | CF104: =(1+(AB38/0.03125)*LN(AC38/AB38)) -> -0.02970875 | CG104: =(1+(AC38/0.03125)*LN(AD38/AC38)) -> -0.03158589 | CH104: =(1+(AD38/0.03125)*LN(AE38/AD38)) -> -0.033716305 | ... CV104: =(1+(AR38/0.03125)*LN(AS38/AR38)) -> -0.64791843 | CW104: 1 | CX104: =(1+(AT38/0.03125)*LN(AU38/AT38)) -> 0.45069386 | CY104: =(1+(AU38/0.03125)*LN(AV38/AU38)) -> 0.23376156 | CZ104: =(1+(AV38/0.03125)*LN(AW38/AV38)) -> 0.15881941 | DA104: =(1+(AW38/0.03125)*LN(AX38/AW38)) -> 0.1203995 | DB104: =(1+(AX38/0.03125)*LN(AY38/AX38)) -> 0.09698187 | DC104: =(1+(AY38/0.03125)*LN(AZ38/AY38)) -> 0.081202534 | DD104: =(1+(AZ38/0.03125)*LN(BA38/AZ38)) -> 0.069844516 | DE104: =(1+(BA38/0.03125)*LN(BB38/BA38)) -> 0.061276428 | DF104: =(1+(BB38/0.03125)*LN(BE38/BB38)) -> #NUM!
AN105: 24 | AO105: =-(X39/0.03125)*LN(X39/W39)-1 -> -0.021584981 | AP105: =-(Y39/0.03125)*LN(Y39/X39)-1 -> -0.022558957 | AQ105: =-(Z39/0.03125)*LN(Z39/Y39)-1 -> -0.023624996 | AR105: =-(AA39/0.03125)*LN(AA39/Z39)-1 -> -0.024796799 | AS105: =-(AB39/0.03125)*LN(AB39/AA39)-1 -> -0.026090931 | AT105: =-(AC39/0.03125)*LN(AC39/AB39)-1 -> -0.027527605 | AU105: =-(AD39/0.03125)*LN(AD39/AC39)-1 -> -0.02913175 | AV105: =-(AE39/0.03125)*LN(AE39/AD39)-1 -> -0.030934467 | ... BK105: =-(AT39/0.03125)*LN(AT39/AS39)-1 -> -0.45069386 | BL105: -1 | BM105: =-(AV39/0.03125)*LN(AV39/AU39)-1 -> 0.64791843 | BN105: =-(AW39/0.03125)*LN(AW39/AV39)-1 -> 0.27706406 | BO105: =-(AX39/0.03125)*LN(AX39/AW39)-1 -> 0.17765283 | BP105: =-(AY39/0.03125)*LN(AY39/AX39)-1 -> 0.13091493 | BQ105: =-(AZ39/0.03125)*LN(AZ39/AY39)-1 -> 0.10368883 | BR105: =-(BA39/0.03125)*LN(BA39/AZ39)-1 -> 0.08585155 | BS105: =-(BB39/0.03125)*LN(BB39/BA39)-1 -> 0.073256327 | BT105: =-(BC39/0.03125)*LN(BC39/BB39)-1 -> 0.063886715 | BW105: 24 | BZ105: 0 | CA105: =(1+(W39/0.03125)*LN(X39/W39)) -> -0.021900131 | CB105: =(1+(X39/0.03125)*LN(Y39/X39)) -> -0.022903417 | CC105: =(1+(Y39/0.03125)*LN(Z39/Y39)) -> -0.024003053 | CD105: =(1+(Z39/0.03125)*LN(AA39/Z39)) -> -0.025213622 | CE105: =(1+(AA39/0.03125)*LN(AB39/AA39)) -> -0.026552803 | CF105: =(1+(AB39/0.03125)*LN(AC39/AB39)) -> -0.028042246 | CG105: =(1+(AC39/0.03125)*LN(AD39/AC39)) -> -0.02970875 | CH105: =(1+(AD39/0.03125)*LN(AE39/AD39)) -> -0.03158589 | ... CW105: =(1+(AS39/0.03125)*LN(AT39/AS39)) -> -0.64791843 | CX105: 1 | CY105: =(1+(AU39/0.03125)*LN(AV39/AU39)) -> 0.45069386 | CZ105: =(1+(AV39/0.03125)*LN(AW39/AV39)) -> 0.23376156 | DA105: =(1+(AW39/0.03125)*LN(AX39/AW39)) -> 0.15881941 | DB105: =(1+(AX39/0.03125)*LN(AY39/AX39)) -> 0.1203995 | DC105: =(1+(AY39/0.03125)*LN(AZ39/AY39)) -> 0.09698187 | DD105: =(1+(AZ39/0.03125)*LN(BA39/AZ39)) -> 0.081202534 | DE105: =(1+(BA39/0.03125)*LN(BB39/BA39)) -> 0.069844516 | DF105: =(1+(BB39/0.03125)*LN(BE39/BB39)) -> #NUM!
AN106: 25 | AO106: =-(X40/0.03125)*LN(X40/W40)-1 -> -0.020691635 | AP106: =-(Y40/0.03125)*LN(Y40/X40)-1 -> -0.021584981 | AQ106: =-(Z40/0.03125)*LN(Z40/Y40)-1 -> -0.022558957 | AR106: =-(AA40/0.03125)*LN(AA40/Z40)-1 -> -0.023624996 | AS106: =-(AB40/0.03125)*LN(AB40/AA40)-1 -> -0.024796799 | AT106: =-(AC40/0.03125)*LN(AC40/AB40)-1 -> -0.026090931 | AU106: =-(AD40/0.03125)*LN(AD40/AC40)-1 -> -0.027527605 | AV106: =-(AE40/0.03125)*LN(AE40/AD40)-1 -> -0.02913175 | ... BL106: =-(AU40/0.03125)*LN(AU40/AT40)-1 -> -0.45069386 | BM106: -1 | BN106: =-(AW40/0.03125)*LN(AW40/AV40)-1 -> 0.64791843 | BO106: =-(AX40/0.03125)*LN(AX40/AW40)-1 -> 0.27706406 | BP106: =-(AY40/0.03125)*LN(AY40/AX40)-1 -> 0.17765283 | BQ106: =-(AZ40/0.03125)*LN(AZ40/AY40)-1 -> 0.13091493 | BR106: =-(BA40/0.03125)*LN(BA40/AZ40)-1 -> 0.10368883 | BS106: =-(BB40/0.03125)*LN(BB40/BA40)-1 -> 0.08585155 | BT106: =-(BC40/0.03125)*LN(BC40/BB40)-1 -> 0.073256327 | BW106: 25 | BZ106: 0 | CA106: =(1+(W40/0.03125)*LN(X40/W40)) -> -0.020981062 | CB106: =(1+(X40/0.03125)*LN(Y40/X40)) -> -0.021900131 | CC106: =(1+(Y40/0.03125)*LN(Z40/Y40)) -> -0.022903417 | CD106: =(1+(Z40/0.03125)*LN(AA40/Z40)) -> -0.024003053 | CE106: =(1+(AA40/0.03125)*LN(AB40/AA40)) -> -0.025213622 | CF106: =(1+(AB40/0.03125)*LN(AC40/AB40)) -> -0.026552803 | CG106: =(1+(AC40/0.03125)*LN(AD40/AC40)) -> -0.028042246 | CH106: =(1+(AD40/0.03125)*LN(AE40/AD40)) -> -0.02970875 | ... CX106: =(1+(AT40/0.03125)*LN(AU40/AT40)) -> -0.64791843 | CY106: 1 | CZ106: =(1+(AV40/0.03125)*LN(AW40/AV40)) -> 0.45069386 | DA106: =(1+(AW40/0.03125)*LN(AX40/AW40)) -> 0.23376156 | DB106: =(1+(AX40/0.03125)*LN(AY40/AX40)) -> 0.15881941 | DC106: =(1+(AY40/0.03125)*LN(AZ40/AY40)) -> 0.1203995 | DD106: =(1+(AZ40/0.03125)*LN(BA40/AZ40)) -> 0.09698187 | DE106: =(1+(BA40/0.03125)*LN(BB40/BA40)) -> 0.081202534 | DF106: =(1+(BB40/0.03125)*LN(BE40/BB40)) -> #NUM!
AN107: 26 | AO107: =-(X41/0.03125)*LN(X41/W41)-1 -> -0.019869302 | AP107: =-(Y41/0.03125)*LN(Y41/X41)-1 -> -0.020691635 | AQ107: =-(Z41/0.03125)*LN(Z41/Y41)-1 -> -0.021584981 | AR107: =-(AA41/0.03125)*LN(AA41/Z41)-1 -> -0.022558957 | AS107: =-(AB41/0.03125)*LN(AB41/AA41)-1 -> -0.023624996 | AT107: =-(AC41/0.03125)*LN(AC41/AB41)-1 -> -0.024796799 | AU107: =-(AD41/0.03125)*LN(AD41/AC41)-1 -> -0.026090931 | AV107: =-(AE41/0.03125)*LN(AE41/AD41)-1 -> -0.027527605 | ... BM107: =-(AV41/0.03125)*LN(AV41/AU41)-1 -> -0.45069386 | BN107: -1 | BO107: =-(AX41/0.03125)*LN(AX41/AW41)-1 -> 0.64791843 | BP107: =-(AY41/0.03125)*LN(AY41/AX41)-1 -> 0.27706406 | BQ107: =-(AZ41/0.03125)*LN(AZ41/AY41)-1 -> 0.17765283 | BR107: =-(BA41/0.03125)*LN(BA41/AZ41)-1 -> 0.13091493 | BS107: =-(BB41/0.03125)*LN(BB41/BA41)-1 -> 0.10368883 | BT107: =-(BC41/0.03125)*LN(BC41/BB41)-1 -> 0.08585155 | BW107: 26 | BZ107: 0 | CA107: =(1+(W41/0.03125)*LN(X41/W41)) -> -0.020136033 | CB107: =(1+(X41/0.03125)*LN(Y41/X41)) -> -0.020981062 | CC107: =(1+(Y41/0.03125)*LN(Z41/Y41)) -> -0.021900131 | CD107: =(1+(Z41/0.03125)*LN(AA41/Z41)) -> -0.022903417 | CE107: =(1+(AA41/0.03125)*LN(AB41/AA41)) -> -0.024003053 | CF107: =(1+(AB41/0.03125)*LN(AC41/AB41)) -> -0.025213622 | CG107: =(1+(AC41/0.03125)*LN(AD41/AC41)) -> -0.026552803 | CH107: =(1+(AD41/0.03125)*LN(AE41/AD41)) -> -0.028042246 | ... CY107: =(1+(AU41/0.03125)*LN(AV41/AU41)) -> -0.64791843 | CZ107: 1 | DA107: =(1+(AW41/0.03125)*LN(AX41/AW41)) -> 0.45069386 | DB107: =(1+(AX41/0.03125)*LN(AY41/AX41)) -> 0.23376156 | DC107: =(1+(AY41/0.03125)*LN(AZ41/AY41)) -> 0.15881941 | DD107: =(1+(AZ41/0.03125)*LN(BA41/AZ41)) -> 0.1203995 | DE107: =(1+(BA41/0.03125)*LN(BB41/BA41)) -> 0.09698187 | DF107: =(1+(BB41/0.03125)*LN(BE41/BB41)) -> #NUM!
AN108: 27 | AO108: =-(X42/0.03125)*LN(X42/W42)-1 -> -0.019109839 | AP108: =-(Y42/0.03125)*LN(Y42/X42)-1 -> -0.019869302 | AQ108: =-(Z42/0.03125)*LN(Z42/Y42)-1 -> -0.020691635 | AR108: =-(AA42/0.03125)*LN(AA42/Z42)-1 -> -0.021584981 | AS108: =-(AB42/0.03125)*LN(AB42/AA42)-1 -> -0.022558957 | AT108: =-(AC42/0.03125)*LN(AC42/AB42)-1 -> -0.023624996 | AU108: =-(AD42/0.03125)*LN(AD42/AC42)-1 -> -0.024796799 | AV108: =-(AE42/0.03125)*LN(AE42/AD42)-1 -> -0.026090931 | ... BN108: =-(AW42/0.03125)*LN(AW42/AV42)-1 -> -0.45069386 | BO108: -1 | BP108: =-(AY42/0.03125)*LN(AY42/AX42)-1 -> 0.64791843 | BQ108: =-(AZ42/0.03125)*LN(AZ42/AY42)-1 -> 0.27706406 | BR108: =-(BA42/0.03125)*LN(BA42/AZ42)-1 -> 0.17765283 | BS108: =-(BB42/0.03125)*LN(BB42/BA42)-1 -> 0.13091493 | BT108: =-(BC42/0.03125)*LN(BC42/BB42)-1 -> 0.10368883 | BW108: 27 | BZ108: 0 | CA108: =(1+(W42/0.03125)*LN(X42/W42)) -> -0.019356442 | CB108: =(1+(X42/0.03125)*LN(Y42/X42)) -> -0.020136033 | CC108: =(1+(Y42/0.03125)*LN(Z42/Y42)) -> -0.020981062 | CD108: =(1+(Z42/0.03125)*LN(AA42/Z42)) -> -0.021900131 | CE108: =(1+(AA42/0.03125)*LN(AB42/AA42)) -> -0.022903417 | CF108: =(1+(AB42/0.03125)*LN(AC42/AB42)) -> -0.024003053 | CG108: =(1+(AC42/0.03125)*LN(AD42/AC42)) -> -0.025213622 | CH108: =(1+(AD42/0.03125)*LN(AE42/AD42)) -> -0.026552803 | ... CZ108: =(1+(AV42/0.03125)*LN(AW42/AV42)) -> -0.64791843 | DA108: 1 | DB108: =(1+(AX42/0.03125)*LN(AY42/AX42)) -> 0.45069386 | DC108: =(1+(AY42/0.03125)*LN(AZ42/AY42)) -> 0.23376156 | DD108: =(1+(AZ42/0.03125)*LN(BA42/AZ42)) -> 0.15881941 | DE108: =(1+(BA42/0.03125)*LN(BB42/BA42)) -> 0.1203995 | DF108: =(1+(BB42/0.03125)*LN(BE42/BB42)) -> #NUM!
AN109: 28 | AO109: =-(X43/0.03125)*LN(X43/W43)-1 -> -0.0184063 | AP109: =-(Y43/0.03125)*LN(Y43/X43)-1 -> -0.019109839 | AQ109: =-(Z43/0.03125)*LN(Z43/Y43)-1 -> -0.019869302 | AR109: =-(AA43/0.03125)*LN(AA43/Z43)-1 -> -0.020691635 | AS109: =-(AB43/0.03125)*LN(AB43/AA43)-1 -> -0.021584981 | AT109: =-(AC43/0.03125)*LN(AC43/AB43)-1 -> -0.022558957 | AU109: =-(AD43/0.03125)*LN(AD43/AC43)-1 -> -0.023624996 | AV109: =-(AE43/0.03125)*LN(AE43/AD43)-1 -> -0.024796799 | ... BO109: =-(AX43/0.03125)*LN(AX43/AW43)-1 -> -0.45069386 | BP109: -1 | BQ109: =-(AZ43/0.03125)*LN(AZ43/AY43)-1 -> 0.64791843 | BR109: =-(BA43/0.03125)*LN(BA43/AZ43)-1 -> 0.27706406 | BS109: =-(BB43/0.03125)*LN(BB43/BA43)-1 -> 0.17765283 | BT109: =-(BC43/0.03125)*LN(BC43/BB43)-1 -> 0.13091493 | BW109: 28 | BZ109: 0 | CA109: =(1+(W43/0.03125)*LN(X43/W43)) -> -0.018634971 | CB109: =(1+(X43/0.03125)*LN(Y43/X43)) -> -0.019356442 | CC109: =(1+(Y43/0.03125)*LN(Z43/Y43)) -> -0.020136033 | CD109: =(1+(Z43/0.03125)*LN(AA43/Z43)) -> -0.020981062 | CE109: =(1+(AA43/0.03125)*LN(AB43/AA43)) -> -0.021900131 | CF109: =(1+(AB43/0.03125)*LN(AC43/AB43)) -> -0.022903417 | CG109: =(1+(AC43/0.03125)*LN(AD43/AC43)) -> -0.024003053 | CH109: =(1+(AD43/0.03125)*LN(AE43/AD43)) -> -0.025213622 | ... DA109: =(1+(AW43/0.03125)*LN(AX43/AW43)) -> -0.64791843 | DB109: 1 | DC109: =(1+(AY43/0.03125)*LN(AZ43/AY43)) -> 0.45069386 | DD109: =(1+(AZ43/0.03125)*LN(BA43/AZ43)) -> 0.23376156 | DE109: =(1+(BA43/0.03125)*LN(BB43/BA43)) -> 0.15881941 | DF109: =(1+(BB43/0.03125)*LN(BE43/BB43)) -> #NUM!
AN110: 29 | AO110: =-(X44/0.03125)*LN(X44/W44)-1 -> -0.017752728 | AP110: =-(Y44/0.03125)*LN(Y44/X44)-1 -> -0.0184063 | AQ110: =-(Z44/0.03125)*LN(Z44/Y44)-1 -> -0.019109839 | AR110: =-(AA44/0.03125)*LN(AA44/Z44)-1 -> -0.019869302 | AS110: =-(AB44/0.03125)*LN(AB44/AA44)-1 -> -0.020691635 | AT110: =-(AC44/0.03125)*LN(AC44/AB44)-1 -> -0.021584981 | AU110: =-(AD44/0.03125)*LN(AD44/AC44)-1 -> -0.022558957 | AV110: =-(AE44/0.03125)*LN(AE44/AD44)-1 -> -0.023624996 | ... BP110: =-(AY44/0.03125)*LN(AY44/AX44)-1 -> -0.45069386 | BQ110: -1 | BR110: =-(BA44/0.03125)*LN(BA44/AZ44)-1 -> 0.64791843 | BS110: =-(BB44/0.03125)*LN(BB44/BA44)-1 -> 0.27706406 | BT110: =-(BC44/0.03125)*LN(BC44/BB44)-1 -> 0.17765283 | BW110: 29 | BZ110: 0 | CA110: =(1+(W44/0.03125)*LN(X44/W44)) -> -0.017965354 | CB110: =(1+(X44/0.03125)*LN(Y44/X44)) -> -0.018634971 | CC110: =(1+(Y44/0.03125)*LN(Z44/Y44)) -> -0.019356442 | CD110: =(1+(Z44/0.03125)*LN(AA44/Z44)) -> -0.020136033 | CE110: =(1+(AA44/0.03125)*LN(AB44/AA44)) -> -0.020981062 | CF110: =(1+(AB44/0.03125)*LN(AC44/AB44)) -> -0.021900131 | CG110: =(1+(AC44/0.03125)*LN(AD44/AC44)) -> -0.022903417 | CH110: =(1+(AD44/0.03125)*LN(AE44/AD44)) -> -0.024003053 | ... DB110: =(1+(AX44/0.03125)*LN(AY44/AX44)) -> -0.64791843 | DC110: 1 | DD110: =(1+(AZ44/0.03125)*LN(BA44/AZ44)) -> 0.45069386 | DE110: =(1+(BA44/0.03125)*LN(BB44/BA44)) -> 0.23376156 | DF110: =(1+(BB44/0.03125)*LN(BE44/BB44)) -> #NUM!
AN111: 30 | AO111: =-(X45/0.03125)*LN(X45/W45)-1 -> -0.017143982 | AP111: =-(Y45/0.03125)*LN(Y45/X45)-1 -> -0.017752728 | AQ111: =-(Z45/0.03125)*LN(Z45/Y45)-1 -> -0.0184063 | AR111: =-(AA45/0.03125)*LN(AA45/Z45)-1 -> -0.019109839 | AS111: =-(AB45/0.03125)*LN(AB45/AA45)-1 -> -0.019869302 | AT111: =-(AC45/0.03125)*LN(AC45/AB45)-1 -> -0.020691635 | AU111: =-(AD45/0.03125)*LN(AD45/AC45)-1 -> -0.021584981 | AV111: =-(AE45/0.03125)*LN(AE45/AD45)-1 -> -0.022558957 | ... BQ111: =-(AZ45/0.03125)*LN(AZ45/AY45)-1 -> -0.45069386 | BR111: -1 | BS111: =-(BB45/0.03125)*LN(BB45/BA45)-1 -> 0.64791843 | BT111: =-(BC45/0.03125)*LN(BC45/BB45)-1 -> 0.27706406 | BW111: 30 | BZ111: 0 | CA111: =(1+(W45/0.03125)*LN(X45/W45)) -> -0.017342194 | CB111: =(1+(X45/0.03125)*LN(Y45/X45)) -> -0.017965354 | CC111: =(1+(Y45/0.03125)*LN(Z45/Y45)) -> -0.018634971 | CD111: =(1+(Z45/0.03125)*LN(AA45/Z45)) -> -0.019356442 | CE111: =(1+(AA45/0.03125)*LN(AB45/AA45)) -> -0.020136033 | CF111: =(1+(AB45/0.03125)*LN(AC45/AB45)) -> -0.020981062 | CG111: =(1+(AC45/0.03125)*LN(AD45/AC45)) -> -0.021900131 | CH111: =(1+(AD45/0.03125)*LN(AE45/AD45)) -> -0.022903417 | ... DC111: =(1+(AY45/0.03125)*LN(AZ45/AY45)) -> -0.64791843 | DD111: 1 | DE111: =(1+(BA45/0.03125)*LN(BB45/BA45)) -> 0.45069386 | DF111: =(1+(BB45/0.03125)*LN(BE45/BB45)) -> #NUM!
AN112: 31 | AO112: =-(X46/0.03125)*LN(X46/W46)-1 -> -0.016575602 | AP112: =-(Y46/0.03125)*LN(Y46/X46)-1 -> -0.017143982 | AQ112: =-(Z46/0.03125)*LN(Z46/Y46)-1 -> -0.017752728 | AR112: =-(AA46/0.03125)*LN(AA46/Z46)-1 -> -0.0184063 | AS112: =-(AB46/0.03125)*LN(AB46/AA46)-1 -> -0.019109839 | AT112: =-(AC46/0.03125)*LN(AC46/AB46)-1 -> -0.019869302 | AU112: =-(AD46/0.03125)*LN(AD46/AC46)-1 -> -0.020691635 | AV112: =-(AE46/0.03125)*LN(AE46/AD46)-1 -> -0.021584981 | ... BR112: =-(BA46/0.03125)*LN(BA46/AZ46)-1 -> -0.45069386 | BS112: -1 | BT112: =-(BC46/0.03125)*LN(BC46/BB46)-1 -> 0.64791843 | BW112: 31 | BZ112: 0 | CA112: =(1+(W46/0.03125)*LN(X46/W46)) -> -0.016760818 | CB112: =(1+(X46/0.03125)*LN(Y46/X46)) -> -0.017342194 | CC112: =(1+(Y46/0.03125)*LN(Z46/Y46)) -> -0.017965354 | CD112: =(1+(Z46/0.03125)*LN(AA46/Z46)) -> -0.018634971 | CE112: =(1+(AA46/0.03125)*LN(AB46/AA46)) -> -0.019356442 | CF112: =(1+(AB46/0.03125)*LN(AC46/AB46)) -> -0.020136033 | CG112: =(1+(AC46/0.03125)*LN(AD46/AC46)) -> -0.020981062 | CH112: =(1+(AD46/0.03125)*LN(AE46/AD46)) -> -0.021900131 | ... DD112: =(1+(AZ46/0.03125)*LN(BA46/AZ46)) -> -0.64791843 | DE112: 1 | DF112: =(1+(BB46/0.03125)*LN(BE46/BB46)) -> #NUM!
AN113: 32 | AO113: =-(X47/0.03125)*LN(X47/W47)-1 -> -0.016043702 | AP113: =-(Y47/0.03125)*LN(Y47/X47)-1 -> -0.016575602 | AQ113: =-(Z47/0.03125)*LN(Z47/Y47)-1 -> -0.017143982 | AR113: =-(AA47/0.03125)*LN(AA47/Z47)-1 -> -0.017752728 | AS113: =-(AB47/0.03125)*LN(AB47/AA47)-1 -> -0.0184063 | AT113: =-(AC47/0.03125)*LN(AC47/AB47)-1 -> -0.019109839 | AU113: =-(AD47/0.03125)*LN(AD47/AC47)-1 -> -0.019869302 | AV113: =-(AE47/0.03125)*LN(AE47/AD47)-1 -> -0.020691635 | ... BS113: =-(BB47/0.03125)*LN(BB47/BA47)-1 -> -0.45069386 | BT113: -1 | BW113: 32 | BZ113: 0 | CA113: =(1+(W47/0.03125)*LN(X47/W47)) -> -0.01621716 | CB113: =(1+(X47/0.03125)*LN(Y47/X47)) -> -0.016760818 | CC113: =(1+(Y47/0.03125)*LN(Z47/Y47)) -> -0.017342194 | CD113: =(1+(Z47/0.03125)*LN(AA47/Z47)) -> -0.017965354 | CE113: =(1+(AA47/0.03125)*LN(AB47/AA47)) -> -0.018634971 | CF113: =(1+(AB47/0.03125)*LN(AC47/AB47)) -> -0.019356442 | CG113: =(1+(AC47/0.03125)*LN(AD47/AC47)) -> -0.020136033 | CH113: =(1+(AD47/0.03125)*LN(AE47/AD47)) -> -0.020981062 | ... DE113: =(1+(BA47/0.03125)*LN(BB47/BA47)) -> -0.64791843 | DF113: 1

Sheet N70
A1: Datos de entrada
A2: Alfa -grad | B2: 0 | C2: INPUT | D2: NOTAS IMPORTANTES
A3: Alfa - rad | B3: =(B2*PI())/180 -> 0 | D3: SI SE MODIFICAN EL NÚMERO TOTAL DE PANELES HABRÁ QUE AMPLIAR O REDUCIR LAS COLUMNAS DE DATOS - PREFERIBLEMENTE AMPLIARLAS PARA MAYOR PRECISIÓN
A4: Cuerda | B4: 1 | D4: SI SE MODIFICAN LOS VALORES DE Xf ó Ca HABRÁ QUE MODIFICAR LAS COLUMNAS DE COORDENADAS PARA LOS DATOS DE LA LM TANTO LOS PC COMO NODOS.
A5: Numero paneles | B5: 70 | D5: VALE PARA CUALQUIER TIPO DE PERFIL NACA DE 4 DIGITOS
A6: L panel | B6: =B4/B5 -> 0.014285714
A7: Ca | B7: 0.3 | C7: INPUT
A8: Xf | B8: 0.2 | C8: INPUT
A9: delta e - grad | B9: 10 | C9: INPUT
A10: delta e - rad | B10: =(B9*PI())/180 -> 0.17453293
A11: f | B11: 0.04 | C11: INPUT
A12: NO TOCAR NINGÚN VALOR DE AQUÍ PARA ABAJO | S12: Gamma_j_sinAlerón | U12: Gamma_j_conAlerón | W12: Cli_sinAleron | Y12: Cli_conAlerón | AA12: Cpint_sinAlerón | AC12: Cpint_conAlerón | AE12: Cpext_sinAlerón | AG12: Cpext_conAlerón | AI12: Cmiba_sinAlerón | AK12: Cmiba_conAlerón | AN12: Cm0,25_ sin alerón | AQ12: Cm0,25_conalerón
A14: MODIFICAR INPUTS, RESTO CAMBIA SOLO | E14: MEJORABLE | F14: XXXXXXX | G14: XXXXXXXX | L14: XXXXXX | M14: XXXXXX
B15: Numero de paneles | C15: Numero de nodos | E15: xNodo_sinAlerón | F15: zNodo_sinAlerón | G15: zNodo_conAlerón | H15: xci_sinAlerón | I15: xci_conAlerón | J15: zci_sinAlerón | K15: zci_conAlerón | L15: (dz/dx)i_sinAlerón | M15: (dz/dx)i_conAlerón | P15: bi_sinAlerón | Q15: bi_conAlerón | S15: {=MMULT(N70_DESARROLLO!FD10:HU79,P16:P85)} -> -1.6146818 | T15: 1 | U15: {=MMULT(N70_DESARROLLO!FD10:HU79,Q16:Q85)} -> 2.2174477 | W15: =(S15+S16) -> -1.7689202 | Y15: =U15+U16 -> 3.0635626 | AA15: =W15/2 -> -0.88446009 | AC15: =Y15*0.5 -> 1.5317813 | AE15: =-AA15 -> 0.88446009 | AG15: =-AC15 -> -1.5317813 | AI15: =-W15*H16 -> 0.012635144 | AK15: =-Y15*I16 -> -0.02188259 | AN15: =AI15+0.25*W15 -> -0.4295949 | AQ15: =AK15+0.25*Y15 -> 0.74400805
B16: 1 | C16: 1 | E16: 0 | F16: =($B$11/$B$8^2)*(2*E16*$B$8-E16^2) -> 0 | G16: =($B$11/$B$8^2)*(2*E16*$B$8-E16^2) -> 0 | H16: =(E17+E16)/2 -> 0.0071428571 | I16: =(E17+E16)/2 -> 0.0071428571 | J16: =(F17+F16)/2 -> 0.002755102 | K16: =(G17+G16)/2 -> 0.002755102 | L16: =((2*$B$11)/$B$8)-(2*$B$11*H16)/$B$8^2 -> 0.38571429 | M16: =((2*$B$11)/$B$8)-(2*$B$11*H16)/$B$8^2 -> 0.38571429 | O16: 1 | P16: =-2*PI()*($B$3-L16) -> 2.4235143 | Q16: =-2*PI()*($B$3-M16) -> 2.4235143 | S16: -0.15423835 | T16: 2 | U16: 0.84611492 | W16: =(S16+S17) -> -0.13653105 | Y16: =U16+U17 -> 1.7041327 | AA16: =W16/2 -> -0.068265523 | AC16: =Y16*0.5 -> 0.85206637 | AE16: =-AA16 -> 0.068265523 | AG16: =-AC16 -> -0.85206637 | AI16: =-W16*H17 -> 0.0029256653 | AK16: =-Y16*I17 -> -0.03651713 | AN16: =AI16+0.25*W16 -> -0.031207096 | AQ16: =AK16+0.25*Y16 -> 0.38951605
B17: 2 | C17: 2 | E17: =$B$6*B16 -> 0.014285714 | F17: =($B$11/$B$8^2)*(2*E17*$B$8-E17^2) -> 0.0055102041 | G17: =($B$11/$B$8^2)*(2*E17*$B$8-E17^2) -> 0.0055102041 | H17: =(E18+E17)/2 -> 0.021428571 | I17: =(E18+E17)/2 -> 0.021428571 | J17: =(F18+F17)/2 -> 0.0080612245 | K17: =(G18+G17)/2 -> 0.0080612245 | L17: =((2*$B$11)/$B$8)-(2*$B$11*H17)/$B$8^2 -> 0.35714286 | M17: =((2*$B$11)/$B$8)-(2*$B$11*H17)/$B$8^2 -> 0.35714286 | O17: 2 | P17: =-2*PI()*($B$3-L17) -> 2.2439948 | Q17: =-2*PI()*($B$3-M17) -> 2.2439948 | S17: 0.017707301 | T17: 3 | U17: 0.85801781 | W17: =(S17+S18) -> 0.17438775 | Y17: =U17+U18 -> 1.7090714 | AA17: =W17/2 -> 0.087193876 | AC17: =Y17*0.5 -> 0.85453571 | AE17: =-AA17 -> -0.087193876 | AG17: =-AC17 -> -0.85453571 | AI17: =-W17*H18 -> -0.006228134 | AK17: =-Y17*I18 -> -0.061038265 | AN17: =AI17+0.25*W17 -> 0.037368804 | AQ17: =AK17+0.25*Y17 -> 0.36622959
B18: 3 | C18: 3 | E18: =$B$6*B17 -> 0.028571429 | F18: =($B$11/$B$8^2)*(2*E18*$B$8-E18^2) -> 0.010612245 | G18: =($B$11/$B$8^2)*(2*E18*$B$8-E18^2) -> 0.010612245 | H18: =(E19+E18)/2 -> 0.035714286 | I18: =(E19+E18)/2 -> 0.035714286 | J18: =(F19+F18)/2 -> 0.012959184 | K18: =(G19+G18)/2 -> 0.012959184 | L18: =((2*$B$11)/$B$8)-(2*$B$11*H18)/$B$8^2 -> 0.32857143 | M18: =((2*$B$11)/$B$8)-(2*$B$11*H18)/$B$8^2 -> 0.32857143 | O18: 3 | P18: =-2*PI()*($B$3-L18) -> 2.0644752 | Q18: =-2*PI()*($B$3-M18) -> 2.0644752 | S18: 0.15668045 | T18: 4 | U18: 0.85105361 | W18: =(S18+S19) -> 0.40781239 | Y18: =U18+U19 -> 1.712241 | AA18: =W18/2 -> 0.20390619 | AC18: =Y18*0.5 -> 0.85612049 | AE18: =-AA18 -> -0.20390619 | AG18: =-AC18 -> -0.85612049 | AI18: =-W18*H19 -> -0.020390619 | AK18: =-Y18*I19 -> -0.085612049 | AN18: =AI18+0.25*W18 -> 0.081562478 | AQ18: =AK18+0.25*Y18 -> 0.3424482
B19: 4 | C19: 4 | E19: =$B$6*B18 -> 0.042857143 | F19: =($B$11/$B$8^2)*(2*E19*$B$8-E19^2) -> 0.015306122 | G19: =($B$11/$B$8^2)*(2*E19*$B$8-E19^2) -> 0.015306122 | H19: =(E20+E19)/2 -> 0.05 | I19: =(E20+E19)/2 -> 0.05 | J19: =(F20+F19)/2 -> 0.01744898 | K19: =(G20+G19)/2 -> 0.01744898 | L19: =((2*$B$11)/$B$8)-(2*$B$11*H19)/$B$8^2 -> 0.3 | M19: =((2*$B$11)/$B$8)-(2*$B$11*H19)/$B$8^2 -> 0.3 | O19: 4 | P19: =-2*PI()*($B$3-L19) -> 1.8849556 | Q19: =-2*PI()*($B$3-M19) -> 1.8849556 | S19: 0.25113194 | T19: 5 | U19: 0.86118737 | W19: =(S19+S20) -> 0.57285739 | Y19: =U19+U20 -> 1.7350436 | AA19: =W19/2 -> 0.28642869 | AC19: =Y19*0.5 -> 0.86752178 | AE19: =-AA19 -> -0.28642869 | AG19: =-AC19 -> -0.86752178 | AI19: =-W19*H20 -> -0.036826546 | AK19: =-Y19*I20 -> -0.11153851 | AN19: =AI19+0.25*W19 -> 0.1063878 | AQ19: =AK19+0.25*Y19 -> 0.32222237
B20: 5 | C20: 5 | E20: =$B$6*B19 -> 0.057142857 | F20: =($B$11/$B$8^2)*(2*E20*$B$8-E20^2) -> 0.019591837 | G20: =($B$11/$B$8^2)*(2*E20*$B$8-E20^2) -> 0.019591837 | H20: =(E21+E20)/2 -> 0.064285714 | I20: =(E21+E20)/2 -> 0.064285714 | J20: =(F21+F20)/2 -> 0.021530612 | K20: =(G21+G20)/2 -> 0.021530612 | L20: =((2*$B$11)/$B$8)-(2*$B$11*H20)/$B$8^2 -> 0.27142857 | M20: =((2*$B$11)/$B$8)-(2*$B$11*H20)/$B$8^2 -> 0.27142857 | O20: 5 | P20: =-2*PI()*($B$3-L20) -> 1.705436 | Q20: =-2*PI()*($B$3-M20) -> 1.705436 | S20: 0.32172545 | T20: 6 | U20: 0.87385618 | W20: =(S20+S21) -> 0.69755384 | Y20: =U20+U21 -> 1.7593977 | AA20: =W20/2 -> 0.34877692 | AC20: =Y20*0.5 -> 0.87969885 | AE20: =-AA20 -> -0.34877692 | AG20: =-AC20 -> -0.87969885 | AI20: =-W20*H21 -> -0.054807802 | AK20: =-Y20*I21 -> -0.13823839 | AN20: =AI20+0.25*W20 -> 0.11958066 | AQ20: =AK20+0.25*Y20 -> 0.30161104
B21: 6 | C21: 6 | E21: =$B$6*B20 -> 0.071428571 | F21: =($B$11/$B$8^2)*(2*E21*$B$8-E21^2) -> 0.023469388 | G21: =($B$11/$B$8^2)*(2*E21*$B$8-E21^2) -> 0.023469388 | H21: =(E22+E21)/2 -> 0.078571429 | I21: =(E22+E21)/2 -> 0.078571429 | J21: =(F22+F21)/2 -> 0.025204082 | K21: =(G22+G21)/2 -> 0.025204082 | L21: =((2*$B$11)/$B$8)-(2*$B$11*H21)/$B$8^2 -> 0.24285714 | M21: =((2*$B$11)/$B$8)-(2*$B$11*H21)/$B$8^2 -> 0.24285714 | O21: 6 | P21: =-2*PI()*($B$3-L21) -> 1.5259164 | Q21: =-2*PI()*($B$3-M21) -> 1.5259164 | S21: 0.37582839 | T21: 7 | U21: 0.88554152 | W21: =(S21+S22) -> 0.79322238 | Y21: =U21+U22 -> 1.7800751 | AA21: =W21/2 -> 0.39661119 | AC21: =Y21*0.5 -> 0.89003754 | AE21: =-AA21 -> -0.39661119 | AG21: =-AC21 -> -0.89003754 | AI21: =-W21*H22 -> -0.073656364 | AK21: =-Y21*I22 -> -0.16529269 | AN21: =AI21+0.25*W21 -> 0.12464923 | AQ21: =AK21+0.25*Y21 -> 0.27972609
B22: 7 | C22: 7 | E22: =$B$6*B21 -> 0.085714286 | F22: =($B$11/$B$8^2)*(2*E22*$B$8-E22^2) -> 0.026938776 | G22: =($B$11/$B$8^2)*(2*E22*$B$8-E22^2) -> 0.026938776 | H22: =(E23+E22)/2 -> 0.092857143 | I22: =(E23+E22)/2 -> 0.092857143 | J22: =(F23+F22)/2 -> 0.028469388 | K22: =(G23+G22)/2 -> 0.028469388 | L22: =((2*$B$11)/$B$8)-(2*$B$11*H22)/$B$8^2 -> 0.21428571 | M22: =((2*$B$11)/$B$8)-(2*$B$11*H22)/$B$8^2 -> 0.21428571 | O22: 7 | P22: =-2*PI()*($B$3-L22) -> 1.3463969 | Q22: =-2*PI()*($B$3-M22) -> 1.3463969 | S22: 0.41739399 | T22: 8 | U22: 0.89453357 | W22: =(S22+S23) -> 0.86602074 | Y22: =U22+U23 -> 1.794437 | AA22: =W22/2 -> 0.43301037 | AC22: =Y22*0.5 -> 0.89721852 | AE22: =-AA22 -> -0.43301037 | AG22: =-AC22 -> -0.89721852 | AI22: =-W22*H23 -> -0.092787937 | AK22: =-Y22*I23 -> -0.19226111 | AN22: =AI22+0.25*W22 -> 0.12371725 | AQ22: =AK22+0.25*Y22 -> 0.25634815
B23: 8 | C23: 8 | E23: =$B$6*B22 -> 0.1 | F23: =($B$11/$B$8^2)*(2*E23*$B$8-E23^2) -> 0.03 | G23: =($B$11/$B$8^2)*(2*E23*$B$8-E23^2) -> 0.03 | H23: =(E24+E23)/2 -> 0.10714286 | I23: =(E24+E23)/2 -> 0.10714286 | J23: =(F24+F23)/2 -> 0.031326531 | K23: =(G24+G23)/2 -> 0.031326531 | L23: =((2*$B$11)/$B$8)-(2*$B$11*H23)/$B$8^2 -> 0.18571429 | M23: =((2*$B$11)/$B$8)-(2*$B$11*H23)/$B$8^2 -> 0.18571429 | O23: 8 | P23: =-2*PI()*($B$3-L23) -> 1.1668773 | Q23: =-2*PI()*($B$3-M23) -> 1.1668773 | S23: 0.44862675 | T23: 9 | U23: 0.89990348 | W23: =(S23+S24) -> 0.91938007 | Y23: =U23+U24 -> 1.8008859 | AA23: =W23/2 -> 0.45969003 | AC23: =Y23*0.5 -> 0.90044297 | AE23: =-AA23 -> -0.45969003 | AG23: =-AC23 -> -0.90044297 | AI23: =-W23*H24 -> -0.11163901 | AK23: =-Y23*I24 -> -0.21867901 | AN23: =AI23+0.25*W23 -> 0.11820601 | AQ23: =AK23+0.25*Y23 -> 0.23154248
B24: 9 | C24: 9 | E24: =$B$6*B23 -> 0.11428571 | F24: =($B$11/$B$8^2)*(2*E24*$B$8-E24^2) -> 0.032653061 | G24: =($B$11/$B$8^2)*(2*E24*$B$8-E24^2) -> 0.032653061 | H24: =(E25+E24)/2 -> 0.12142857 | I24: =(E25+E24)/2 -> 0.12142857 | J24: =(F25+F24)/2 -> 0.03377551 | K24: =(G25+G24)/2 -> 0.03377551 | L24: =((2*$B$11)/$B$8)-(2*$B$11*H24)/$B$8^2 -> 0.15714286 | M24: =((2*$B$11)/$B$8)-(2*$B$11*H24)/$B$8^2 -> 0.15714286 | O24: 9 | P24: =-2*PI()*($B$3-L24) -> 0.98735769 | Q24: =-2*PI()*($B$3-M24) -> 0.98735769 | S24: 0.47075331 | T24: 10 | U24: 0.90098246 | W24: =(S24+S25) -> 0.95508353 | Y24: =U24+U25 -> 1.7980901 | AA24: =W24/2 -> 0.47754177 | AC24: =Y24*0.5 -> 0.89904503 | AE24: =-AA24 -> -0.47754177 | AG24: =-AC24 -> -0.89904503 | AI24: =-W24*H25 -> -0.12961848 | AK24: =-Y24*I25 -> -0.24402651 | AN24: =AI24+0.25*W24 -> 0.1091524 | AQ24: =AK24+0.25*Y24 -> 0.20549601
B25: 10 | C25: 10 | E25: =$B$6*B24 -> 0.12857143 | F25: =($B$11/$B$8^2)*(2*E25*$B$8-E25^2) -> 0.034897959 | G25: =($B$11/$B$8^2)*(2*E25*$B$8-E25^2) -> 0.034897959 | H25: =(E26+E25)/2 -> 0.13571429 | I25: =(E26+E25)/2 -> 0.13571429 | J25: =(F26+F25)/2 -> 0.035816327 | K25: =(G26+G25)/2 -> 0.035816327 | L25: =((2*$B$11)/$B$8)-(2*$B$11*H25)/$B$8^2 -> 0.12857143 | M25: =((2*$B$11)/$B$8)-(2*$B$11*H25)/$B$8^2 -> 0.12857143 | O25: 10 | P25: =-2*PI()*($B$3-L25) -> 0.80783811 | Q25: =-2*PI()*($B$3-M25) -> 0.80783811 | S25: 0.48433022 | T25: 11 | U25: 0.89710761 | W25: =(S25+S26) -> 0.97364403 | Y25: =U25+U26 -> 1.7845195 | AA25: =W25/2 -> 0.48682201 | AC25: =Y25*0.5 -> 0.89225977 | AE25: =-AA25 -> -0.48682201 | AG25: =-AC25 -> -0.89225977 | AI25: =-W25*H26 -> -0.1460466 | AK25: =-Y25*I26 -> -0.26767793 | AN25: =AI25+0.25*W25 -> 0.097364403 | AQ25: =AK25+0.25*Y25 -> 0.17845195
B26: 11 | C26: 11 | E26: =$B$6*B25 -> 0.14285714 | F26: =($B$11/$B$8^2)*(2*E26*$B$8-E26^2) -> 0.036734694 | G26: =($B$11/$B$8^2)*(2*E26*$B$8-E26^2) -> 0.036734694 | H26: =(E27+E26)/2 -> 0.15 | I26: =(E27+E26)/2 -> 0.15 | J26: =(F27+F26)/2 -> 0.03744898 | K26: =(G27+G26)/2 -> 0.03744898 | L26: =((2*$B$11)/$B$8)-(2*$B$11*H26)/$B$8^2 -> 0.1 | M26: =((2*$B$11)/$B$8)-(2*$B$11*H26)/$B$8^2 -> 0.1 | O26: 11 | P26: =-2*PI()*($B$3-L26) -> 0.62831853 | Q26: =-2*PI()*($B$3-M26) -> 0.62831853 | S26: 0.48931381 | T26: 12 | U26: 0.88741192 | W26: =(S26+S27) -> 0.97415266 | Y26: =U26+U27 -> 1.7578644 | AA26: =W26/2 -> 0.48707633 | AC26: =Y26*0.5 -> 0.87893221 | AE26: =-AA26 -> -0.48707633 | AG26: =-AC26 -> -0.87893221 | AI26: =-W26*H27 -> -0.16003936 | AK26: =-Y26*I27 -> -0.28879201 | AN26: =AI26+0.25*W26 -> 0.083498799 | AQ26: =AK26+0.25*Y26 -> 0.15067409
B27: 12 | C27: 12 | E27: =$B$6*B26 -> 0.15714286 | F27: =($B$11/$B$8^2)*(2*E27*$B$8-E27^2) -> 0.038163265 | G27: =($B$11/$B$8^2)*(2*E27*$B$8-E27^2) -> 0.038163265 | H27: =(E28+E27)/2 -> 0.16428571 | I27: =(E28+E27)/2 -> 0.16428571 | J27: =(F28+F27)/2 -> 0.038673469 | K27: =(G28+G27)/2 -> 0.038673469 | L27: =((2*$B$11)/$B$8)-(2*$B$11*H27)/$B$8^2 -> 0.071428571 | M27: =((2*$B$11)/$B$8)-(2*$B$11*H27)/$B$8^2 -> 0.071428571 | O27: 12 | P27: =-2*PI()*($B$3-L27) -> 0.44879895 | Q27: =-2*PI()*($B$3-M27) -> 0.44879895 | S27: 0.48483885 | T27: 13 | U27: 0.8704525 | W27: =(S27+S28) -> 0.95380466 | Y27: =U27+U28 -> 1.7143242 | AA27: =W27/2 -> 0.47690233 | AC27: =Y27*0.5 -> 0.8571621 | AE27: =-AA27 -> -0.47690233 | AG27: =-AC27 -> -0.8571621 | AI27: =-W27*H28 -> -0.17032226 | AK27: =-Y27*I28 -> -0.30612932 | AN27: =AI27+0.25*W27 -> 0.068128904 | AQ27: =AK27+0.25*Y27 -> 0.12245173
B28: 13 | C28: 13 | E28: =$B$6*B27 -> 0.17142857 | F28: =($B$11/$B$8^2)*(2*E28*$B$8-E28^2) -> 0.039183673 | G28: =($B$11/$B$8^2)*(2*E28*$B$8-E28^2) -> 0.039183673 | H28: =(E29+E28)/2 -> 0.17857143 | I28: =(E29+E28)/2 -> 0.17857143 | J28: =(F29+F28)/2 -> 0.039489796 | K28: =(G29+G28)/2 -> 0.039489796 | L28: =((2*$B$11)/$B$8)-(2*$B$11*H28)/$B$8^2 -> 0.042857143 | M28: =((2*$B$11)/$B$8)-(2*$B$11*H28)/$B$8^2 -> 0.042857143 | O28: 13 | P28: =-2*PI()*($B$3-L28) -> 0.26927937 | Q28: =-2*PI()*($B$3-M28) -> 0.26927937 | S28: 0.46896581 | T28: 14 | U28: 0.84387171 | W28: =(S28+S29) -> 0.89353403 | Y28: =U28+U29 -> 1.6341044 | AA28: =W28/2 -> 0.44676701 | AC28: =Y28*0.5 -> 0.81705219 | AE28: =-AA28 -> -0.44676701 | AG28: =-AC28 -> -0.81705219 | AI28: =-W28*H29 -> -0.17232442 | AK28: =-Y28*I29 -> -0.3151487 | AN28: =AI28+0.25*W28 -> 0.051059087 | AQ28: =AK28+0.25*Y28 -> 0.093377393
B29: 14 | C29: 14 | E29: =$B$6*B28 -> 0.18571429 | F29: =($B$11/$B$8^2)*(2*E29*$B$8-E29^2) -> 0.039795918 | G29: =($B$11/$B$8^2)*(2*E29*$B$8-E29^2) -> 0.039795918 | H29: =(E30+E29)/2 -> 0.19285714 | I29: =(E30+E29)/2 -> 0.19285714 | J29: =(F30+F29)/2 -> 0.039897959 | K29: =(G30+G29)/2 -> 0.039897959 | L29: =((2*$B$11)/$B$8)-(2*$B$11*H29)/$B$8^2 -> 0.014285714 | M29: =((2*$B$11)/$B$8)-(2*$B$11*H29)/$B$8^2 -> 0.014285714 | O29: 14 | P29: =-2*PI()*($B$3-L29) -> 0.08975979 | Q29: =-2*PI()*($B$3-M29) -> 0.08975979 | S29: 0.42456822 | T29: 15 | U29: 0.79023267 | W29: =(S29+S30) -> 0.80218941 | Y29: =U29+U30 -> 1.5255078 | AA29: =W29/2 -> 0.40109471 | AC29: =Y29*0.5 -> 0.76275392 | AE29: =-AA29 -> -0.40109471 | AG29: =-AC29 -> -0.76275392 | AI29: =-W29*H30 -> -0.16616781 | AK29: =-Y29*I30 -> -0.31599805 | AN29: =AI29+0.25*W29 -> 0.034379546 | AQ29: =AK29+0.25*Y29 -> 0.065378907
B30: 15 | C30: 15 | E30: =$B$6*B29 -> 0.2 | F30: =($B$11/(1-$B$8)^2)*(1-2*$B$8+2*$B$8*E30-E30^2) -> 0.04 | G30: =($B$11/(1-$B$8)^2)*(1-2*$B$8+2*$B$8*E30-E30^2) -> 0.04 | H30: =(E31+E30)/2 -> 0.20714286 | I30: =(E31+E30)/2 -> 0.20714286 | J30: =(F31+F30)/2 -> 0.039993622 | K30: =(G31+G30)/2 -> 0.039993622 | L30: =(2*$B$8*$B$11-2*$B$11*H30)/(1-$B$8)^2 -> -0.00089285714 | M30: =(2*$B$8*$B$11-2*$B$11*H30)/(1-$B$8)^2 -> -0.00089285714 | O30: 15 | P30: =-2*PI()*($B$3-L30) -> -0.0056099869 | Q30: =-2*PI()*($B$3-M30) -> -0.0056099869 | S30: 0.3776212 | T30: 16 | U30: 0.73527517 | W30: =(S30+S31) -> 0.73166707 | Y30: =U30+U31 -> 1.4400139 | AA30: =W30/2 -> 0.36583353 | AC30: =Y30*0.5 -> 0.72000697 | AE30: =-AA30 -> -0.36583353 | AG30: =-AC30 -> -0.72000697 | AI30: =-W30*H31 -> -0.16201199 | AK30: =-Y30*I31 -> -0.31886023 | AN30: =AI30+0.25*W30 -> 0.020904773 | AQ30: =AK30+0.25*Y30 -> 0.041143255
B31: 16 | C31: 16 | E31: =$B$6*B30 -> 0.21428571 | F31: =($B$11/(1-$B$8)^2)*(1-2*$B$8+2*$B$8*E31-E31^2) -> 0.039987245 | G31: =($B$11/(1-$B$8)^2)*(1-2*$B$8+2*$B$8*E31-E31^2) -> 0.039987245 | H31: =(E32+E31)/2 -> 0.22142857 | I31: =(E32+E31)/2 -> 0.22142857 | J31: =(F32+F31)/2 -> 0.039968112 | K31: =(G32+G31)/2 -> 0.039968112 | L31: =(2*$B$8*$B$11-2*$B$11*H31)/(1-$B$8)^2 -> -0.0026785714 | M31: =(2*$B$8*$B$11-2*$B$11*H31)/(1-$B$8)^2 -> -0.0026785714 | O31: 16 | P31: =-2*PI()*($B$3-L31) -> -0.016829961 | Q31: =-2*PI()*($B$3-M31) -> -0.016829961 | S31: 0.35404587 | T31: 17 | U31: 0.70473877 | W31: =(S31+S32) -> 0.69059412 | Y31: =U31+U32 -> 1.3859262 | AA31: =W31/2 -> 0.34529706 | AC31: =Y31*0.5 -> 0.69296311 | AE31: =-AA31 -> -0.34529706 | AG31: =-AC31 -> -0.69296311 | AI31: =-W31*H32 -> -0.1627829 | AK31: =-Y31*I32 -> -0.32668261 | AN31: =AI31+0.25*W31 -> 0.0098656303 | AQ31: =AK31+0.25*Y31 -> 0.019798946
B32: 17 | C32: 17 | E32: =$B$6*B31 -> 0.22857143 | F32: =($B$11/(1-$B$8)^2)*(1-2*$B$8+2*$B$8*E32-E32^2) -> 0.03994898 | G32: =($B$11/(1-$B$8)^2)*(1-2*$B$8+2*$B$8*E32-E32^2) -> 0.03994898 | H32: =(E33+E32)/2 -> 0.23571429 | I32: =(E33+E32)/2 -> 0.23571429 | J32: =(F33+F32)/2 -> 0.039917092 | K32: =(G33+G32)/2 -> 0.039917092 | L32: =(2*$B$8*$B$11-2*$B$11*H32)/(1-$B$8)^2 -> -0.0044642857 | M32: =(2*$B$8*$B$11-2*$B$11*H32)/(1-$B$8)^2 -> -0.0044642857 | O32: 17 | P32: =-2*PI()*($B$3-L32) -> -0.028049934 | Q32: =-2*PI()*($B$3-M32) -> -0.028049934 | S32: 0.33654825 | T32: 18 | U32: 0.68118744 | W32: =(S32+S33) -> 0.65943843 | Y32: =U32+U33 -> 1.3434581 | AA32: =W32/2 -> 0.32971921 | AC32: =Y32*0.5 -> 0.67172905 | AE32: =-AA32 -> -0.32971921 | AG32: =-AC32 -> -0.67172905 | AI32: =-W32*H33 -> -0.16485961 | AK32: =-Y32*I33 -> -0.33586453 | AN32: =AI32+0.25*W32 -> 0 | AQ32: =AK32+0.25*Y32 -> 0
B33: 18 | C33: 18 | E33: =$B$6*B32 -> 0.24285714 | F33: =($B$11/(1-$B$8)^2)*(1-2*$B$8+2*$B$8*E33-E33^2) -> 0.039885204 | G33: =($B$11/(1-$B$8)^2)*(1-2*$B$8+2*$B$8*E33-E33^2) -> 0.039885204 | H33: =(E34+E33)/2 -> 0.25 | I33: =(E34+E33)/2 -> 0.25 | J33: =(F34+F33)/2 -> 0.039840561 | K33: =(G34+G33)/2 -> 0.039840561 | L33: =(2*$B$8*$B$11-2*$B$11*H33)/(1-$B$8)^2 -> -0.00625 | M33: =(2*$B$8*$B$11-2*$B$11*H33)/(1-$B$8)^2 -> -0.00625 | O33: 18 | P33: =-2*PI()*($B$3-L33) -> -0.039269908 | Q33: =-2*PI()*($B$3-M33) -> -0.039269908 | S33: 0.32289018 | T33: 19 | U33: 0.66227066 | W33: =(S33+S34) -> 0.63463286 | Y33: =U33+U34 -> 1.3088405 | AA33: =W33/2 -> 0.31731643 | AC33: =Y33*0.5 -> 0.65442024 | AE33: =-AA33 -> -0.31731643 | AG33: =-AC33 -> -0.65442024 | AI33: =-W33*H34 -> -0.1677244 | AK33: =-Y33*I34 -> -0.34590784 | AN33: =AI33+0.25*W33 -> -0.0090661837 | AQ33: =AK33+0.25*Y33 -> -0.018697721
B34: 19 | C34: 19 | E34: =$B$6*B33 -> 0.25714286 | F34: =($B$11/(1-$B$8)^2)*(1-2*$B$8+2*$B$8*E34-E34^2) -> 0.039795918 | G34: =($B$11/(1-$B$8)^2)*(1-2*$B$8+2*$B$8*E34-E34^2) -> 0.039795918 | H34: =(E35+E34)/2 -> 0.26428571 | I34: =(E35+E34)/2 -> 0.26428571 | J34: =(F35+F34)/2 -> 0.03973852 | K34: =(G35+G34)/2 -> 0.03973852 | L34: =(2*$B$8*$B$11-2*$B$11*H34)/(1-$B$8)^2 -> -0.0080357143 | M34: =(2*$B$8*$B$11-2*$B$11*H34)/(1-$B$8)^2 -> -0.0080357143 | O34: 19 | P34: =-2*PI()*($B$3-L34) -> -0.050489882 | Q34: =-2*PI()*($B$3-M34) -> -0.050489882 | S34: 0.31174268 | T34: 20 | U34: 0.64656982 | W34: =(S34+S35) -> 0.61411609 | Y34: =U34+U35 -> 1.2798505 | AA34: =W34/2 -> 0.30705804 | AC34: =Y34*0.5 -> 0.63992526 | AE34: =-AA34 -> -0.30705804 | AG34: =-AC34 -> -0.63992526 | AI34: =-W34*H35 -> -0.1710752 | AK34: =-Y34*I35 -> -0.35652979 | AN34: =AI34+0.25*W34 -> -0.017546174 | AQ34: =AK34+0.25*Y34 -> -0.036567158
B35: 20 | C35: 20 | E35: =$B$6*B34 -> 0.27142857 | F35: =($B$11/(1-$B$8)^2)*(1-2*$B$8+2*$B$8*E35-E35^2) -> 0.039681122 | G35: =($B$11/(1-$B$8)^2)*(1-2*$B$8+2*$B$8*E35-E35^2) -> 0.039681122 | H35: =(E36+E35)/2 -> 0.27857143 | I35: =(E36+E35)/2 -> 0.27857143 | J35: =(F36+F35)/2 -> 0.039610969 | K35: =(G36+G35)/2 -> 0.039610969 | L35: =(2*$B$8*$B$11-2*$B$11*H35)/(1-$B$8)^2 -> -0.0098214286 | M35: =(2*$B$8*$B$11-2*$B$11*H35)/(1-$B$8)^2 -> -0.0098214286 | O35: 20 | P35: =-2*PI()*($B$3-L35) -> -0.061709856 | Q35: =-2*PI()*($B$3-M35) -> -0.061709856 | S35: 0.30237341 | T35: 21 | U35: 0.6332807 | W35: =(S35+S36) -> 0.5966942 | Y35: =U35+U36 -> 1.2551647 | AA35: =W35/2 -> 0.2983471 | AC35: =Y35*0.5 -> 0.62758237 | AE35: =-AA35 -> -0.2983471 | AG35: =-AC35 -> -0.62758237 | AI35: =-W35*H36 -> -0.17474616 | AK35: =-Y35*I36 -> -0.36758396 | AN35: =AI35+0.25*W35 -> -0.025572609 | AQ35: =AK35+0.25*Y35 -> -0.053792775
B36: 21 | C36: 21 | E36: =$B$6*B35 -> 0.28571429 | F36: =($B$11/(1-$B$8)^2)*(1-2*$B$8+2*$B$8*E36-E36^2) -> 0.039540816 | G36: =($B$11/(1-$B$8)^2)*(1-2*$B$8+2*$B$8*E36-E36^2) -> 0.039540816 | H36: =(E37+E36)/2 -> 0.29285714 | I36: =(E37+E36)/2 -> 0.29285714 | J36: =(F37+F36)/2 -> 0.039457908 | K36: =(G37+G36)/2 -> 0.039457908 | L36: =(2*$B$8*$B$11-2*$B$11*H36)/(1-$B$8)^2 -> -0.011607143 | M36: =(2*$B$8*$B$11-2*$B$11*H36)/(1-$B$8)^2 -> -0.011607143 | O36: 21 | P36: =-2*PI()*($B$3-L36) -> -0.072929829 | Q36: =-2*PI()*($B$3-M36) -> -0.072929829 | S36: 0.2943208 | T36: 22 | U36: 0.62188404 | W36: =(S36+S37) -> 0.58159493 | Y36: =U36+U37 -> 1.2339069 | AA36: =W36/2 -> 0.29079746 | AC36: =Y36*0.5 -> 0.61695347 | AE36: =-AA36 -> -0.29079746 | AG36: =-AC36 -> -0.61695347 | AI36: =-W36*H37 -> -0.17863273 | AK36: =-Y36*I37 -> -0.37898571 | AN36: =AI36+0.25*W36 -> -0.033233996 | AQ36: =AK36+0.25*Y36 -> -0.070508968
B37: 22 | C37: 22 | E37: =$B$6*B36 -> 0.3 | F37: =($B$11/(1-$B$8)^2)*(1-2*$B$8+2*$B$8*E37-E37^2) -> 0.039375 | G37: =($B$11/(1-$B$8)^2)*(1-2*$B$8+2*$B$8*E37-E37^2) -> 0.039375 | H37: =(E38+E37)/2 -> 0.30714286 | I37: =(E38+E37)/2 -> 0.30714286 | J37: =(F38+F37)/2 -> 0.039279337 | K37: =(G38+G37)/2 -> 0.039279337 | L37: =(2*$B$8*$B$11-2*$B$11*H37)/(1-$B$8)^2 -> -0.013392857 | M37: =(2*$B$8*$B$11-2*$B$11*H37)/(1-$B$8)^2 -> -0.013392857 | O37: 22 | P37: =-2*PI()*($B$3-L37) -> -0.084149803 | Q37: =-2*PI()*($B$3-M37) -> -0.084149803 | S37: 0.28727413 | T37: 23 | U37: 0.61202291 | W37: =(S37+S38) -> 0.56828778 | Y37: =U37+U38 -> 1.2154638 | AA37: =W37/2 -> 0.28414389 | AC37: =Y37*0.5 -> 0.60773188 | AE37: =-AA37 -> -0.28414389 | AG37: =-AC37 -> -0.60773188 | AI37: =-W37*H38 -> -0.18266393 | AK37: =-Y37*I38 -> -0.39068478 | AN37: =AI37+0.25*W37 -> -0.040591984 | AQ37: =AK37+0.25*Y37 -> -0.086818839
B38: 23 | C38: 23 | E38: =$B$6*B37 -> 0.31428571 | F38: =($B$11/(1-$B$8)^2)*(1-2*$B$8+2*$B$8*E38-E38^2) -> 0.039183673 | G38: =($B$11/(1-$B$8)^2)*(1-2*$B$8+2*$B$8*E38-E38^2) -> 0.039183673 | H38: =(E39+E38)/2 -> 0.32142857 | I38: =(E39+E38)/2 -> 0.32142857 | J38: =(F39+F38)/2 -> 0.039075255 | K38: =(G39+G38)/2 -> 0.039075255 | L38: =(2*$B$8*$B$11-2*$B$11*H38)/(1-$B$8)^2 -> -0.015178571 | M38: =(2*$B$8*$B$11-2*$B$11*H38)/(1-$B$8)^2 -> -0.015178571 | O38: 23 | P38: =-2*PI()*($B$3-L38) -> -0.095369777 | Q38: =-2*PI()*($B$3-M38) -> -0.095369777 | S38: 0.28101365 | T38: 24 | U38: 0.60344085 | W38: =(S38+S39) -> 0.5563917 | Y38: =U38+U39 -> 1.1993888 | AA38: =W38/2 -> 0.27819585 | AC38: =Y38*0.5 -> 0.5996944 | AE38: =-AA38 -> -0.27819585 | AG38: =-AC38 -> -0.5996944 | AI38: =-W38*H39 -> -0.18678864 | AK38: =-Y38*I39 -> -0.40265195 | AN38: =AI38+0.25*W38 -> -0.047690717 | AQ38: =AK38+0.25*Y38 -> -0.10280475
B39: 24 | C39: 24 | E39: =$B$6*B38 -> 0.32857143 | F39: =($B$11/(1-$B$8)^2)*(1-2*$B$8+2*$B$8*E39-E39^2) -> 0.038966837 | G39: =($B$11/(1-$B$8)^2)*(1-2*$B$8+2*$B$8*E39-E39^2) -> 0.038966837 | H39: =(E40+E39)/2 -> 0.33571429 | I39: =(E40+E39)/2 -> 0.33571429 | J39: =(F40+F39)/2 -> 0.038845663 | K39: =(G40+G39)/2 -> 0.038845663 | L39: =(2*$B$8*$B$11-2*$B$11*H39)/(1-$B$8)^2 -> -0.016964286 | M39: =(2*$B$8*$B$11-2*$B$11*H39)/(1-$B$8)^2 -> -0.016964286 | O39: 24 | P39: =-2*PI()*($B$3-L39) -> -0.10658975 | Q39: =-2*PI()*($B$3-M39) -> -0.10658975 | S39: 0.27537805 | T39: 25 | U39: 0.59594795 | W39: =(S39+S40) -> 0.5456235 | Y39: =U39+U40 -> 1.1853487 | AA39: =W39/2 -> 0.27281175 | AC39: =Y39*0.5 -> 0.59267435 | AE39: =-AA39 -> -0.27281175 | AG39: =-AC39 -> -0.59267435 | AI39: =-W39*H40 -> -0.19096822 | AK39: =-Y39*I40 -> -0.41487205 | AN39: =AI39+0.25*W39 -> -0.05456235 | AQ39: =AK39+0.25*Y39 -> -0.11853487
B40: 25 | C40: 25 | E40: =$B$6*B39 -> 0.34285714 | F40: =($B$11/(1-$B$8)^2)*(1-2*$B$8+2*$B$8*E40-E40^2) -> 0.03872449 | G40: =($B$11/(1-$B$8)^2)*(1-2*$B$8+2*$B$8*E40-E40^2) -> 0.03872449 | H40: =(E41+E40)/2 -> 0.35 | I40: =(E41+E40)/2 -> 0.35 | J40: =(F41+F40)/2 -> 0.038590561 | K40: =(G41+G40)/2 -> 0.038590561 | L40: =(2*$B$8*$B$11-2*$B$11*H40)/(1-$B$8)^2 -> -0.01875 | M40: =(2*$B$8*$B$11-2*$B$11*H40)/(1-$B$8)^2 -> -0.01875 | O40: 25 | P40: =-2*PI()*($B$3-L40) -> -0.11780972 | Q40: =-2*PI()*($B$3-M40) -> -0.11780972 | S40: 0.27024545 | T40: 26 | U40: 0.58940075 | W40: =(S40+S41) -> 0.53576694 | Y40: =U40+U41 -> 1.1730903 | AA40: =W40/2 -> 0.26788347 | AC40: =Y40*0.5 -> 0.58654516 | AE40: =-AA40 -> -0.26788347 | AG40: =-AC40 -> -0.58654516 | AI40: =-W40*H41 -> -0.19517224 | AK40: =-Y40*I41 -> -0.42734004 | AN40: =AI40+0.25*W40 -> -0.061230507 | AQ40: =AK40+0.25*Y40 -> -0.13406747
B41: 26 | C41: 26 | E41: =$B$6*B40 -> 0.35714286 | F41: =($B$11/(1-$B$8)^2)*(1-2*$B$8+2*$B$8*E41-E41^2) -> 0.038456633 | G41: =($B$11/(1-$B$8)^2)*(1-2*$B$8+2*$B$8*E41-E41^2) -> 0.038456633 | H41: =(E42+E41)/2 -> 0.36428571 | I41: =(E42+E41)/2 -> 0.36428571 | J41: =(F42+F41)/2 -> 0.038309949 | K41: =(G42+G41)/2 -> 0.038309949 | L41: =(2*$B$8*$B$11-2*$B$11*H41)/(1-$B$8)^2 -> -0.020535714 | M41: =(2*$B$8*$B$11-2*$B$11*H41)/(1-$B$8)^2 -> -0.020535714 | O41: 26 | P41: =-2*PI()*($B$3-L41) -> -0.1290297 | Q41: =-2*PI()*($B$3-M41) -> -0.1290297 | S41: 0.26552149 | T41: 27 | U41: 0.58368957 | W41: =(S41+S42) -> 0.52665318 | Y41: =U41+U42 -> 1.16242 | AA41: =W41/2 -> 0.26332659 | AC41: =Y41*0.5 -> 0.58120999 | AE41: =-AA41 -> -0.26332659 | AG41: =-AC41 -> -0.58120999 | AI41: =-W41*H42 -> -0.19937585 | AK41: =-Y41*I42 -> -0.440059 | AN41: =AI41+0.25*W41 -> -0.067712551 | AQ41: =AK41+0.25*Y41 -> -0.149454
... B64: 49 | C64: 49 | E64: =$B$6*B63 -> 0.68571429 | F64: =($B$11/(1-$B$8)^2)*(1-2*$B$8+2*$B$8*E64-E64^2) -> 0.025255102 | G64: =($B$11/(1-$B$8)^2)*(1-2*$B$8+2*$B$8*E64-E64^2) -> 0.025255102 | H64: =(E65+E64)/2 -> 0.69285714 | I64: =(E65+E64)/2 -> 0.69285714 | J64: =(F65+F64)/2 -> 0.024815051 | K64: =(G65+G64)/2 -> 0.024815051 | L64: =(2*$B$8*$B$11-2*$B$11*H64)/(1-$B$8)^2 -> -0.061607143 | M64: =(2*$B$8*$B$11-2*$B$11*H64)/(1-$B$8)^2 -> -0.061607143 | O64: 49 | P64: =-2*PI()*($B$3-L64) -> -0.38708909 | Q64: =-2*PI()*($B$3-M64) -> -0.38708909 | S64: 0.18683036 | T64: 50 | U64: 1.0027726 | W64: =(S64+S65) -> 0.36989454 | Y64: =U64+U65 -> 1.7253781 | AA64: =W64/2 -> 0.18494727 | AC64: =Y64*0.5 -> 0.86268903 | AE64: =-AA64 -> -0.18494727 | AG64: =-AC64 -> -0.86268903 | AI64: =-W64*H65 -> -0.26156828 | AK64: =-Y64*I65 -> -1.2200888 | AN64: =AI64+0.25*W64 -> -0.16909465 | AQ64: =AK64+0.25*Y64 -> -0.78874425
B65: 50 | C65: 50 | E65: =$B$6*B64 -> 0.7 | F65: =($B$11/(1-$B$8)^2)*(1-2*$B$8+2*$B$8*E65-E65^2) -> 0.024375 | G65: =($B$11/(1-$B$8)^2)*(1-2*$B$8+2*$B$8*E65-E65^2)-$B$10*(E65-(1-$B$7)) -> 0.024375 | H65: =(E66+E65)/2 -> 0.70714286 | I65: =(E66+E65)/2 -> 0.70714286 | J65: =(F66+F65)/2 -> 0.023922194 | K65: =(G66+G65)/2 -> 0.02267553 | L65: =(2*$B$8*$B$11-2*$B$11*H65)/(1-$B$8)^2 -> -0.063392857 | M65: =(2*$B$8*$B$11-2*$B$11*H65)/(1-$B$8)^2-$B$10 -> -0.23792578 | O65: 50 | P65: =-2*PI()*($B$3-L65) -> -0.39830907 | Q65: =-2*PI()*($B$3-M65) -> -1.4949318 | S65: 0.18306418 | T65: 51 | U65: 0.72260551 | W65: =(S65+S66) -> 0.36223989 | Y65: =U65+U66 -> 1.3739025 | AA65: =W65/2 -> 0.18111995 | AC65: =Y65*0.5 -> 0.68695124 | AE65: =-AA65 -> -0.18111995 | AG65: =-AC65 -> -0.68695124 | AI65: =-W65*H66 -> -0.26133021 | AK65: =-Y65*I66 -> -0.9911725 | AN65: =AI65+0.25*W65 -> -0.17077024 | AQ65: =AK65+0.25*Y65 -> -0.64769688
B66: 51 | C66: 51 | E66: =$B$6*B65 -> 0.71428571 | F66: =($B$11/(1-$B$8)^2)*(1-2*$B$8+2*$B$8*E66-E66^2) -> 0.023469388 | G66: =($B$11/(1-$B$8)^2)*(1-2*$B$8+2*$B$8*E66-E66^2)-$B$10*(E66-(1-$B$7)) -> 0.02097606 | H66: =(E67+E66)/2 -> 0.72142857 | I66: =(E67+E66)/2 -> 0.72142857 | J66: =(F67+F66)/2 -> 0.023003827 | K66: =(G67+G66)/2 -> 0.019263835 | L66: =(2*$B$8*$B$11-2*$B$11*H66)/(1-$B$8)^2 -> -0.065178571 | M66: =(2*$B$8*$B$11-2*$B$11*H66)/(1-$B$8)^2-$B$10 -> -0.2397115 | O66: 51 | P66: =-2*PI()*($B$3-L66) -> -0.40952904 | Q66: =-2*PI()*($B$3-M66) -> -1.5061518 | S66: 0.17917572 | T66: 52 | U66: 0.65129697 | W66: =(S66+S67) -> 0.35432735 | Y66: =U66+U67 -> 1.250038 | AA66: =W66/2 -> 0.17716367 | AC66: =Y66*0.5 -> 0.62501901 | AE66: =-AA66 -> -0.17716367 | AG66: =-AC66 -> -0.62501901 | AI66: =-W66*H67 -> -0.26068369 | AK66: =-Y66*I67 -> -0.91967082 | AN66: =AI66+0.25*W66 -> -0.17210186 | AQ66: =AK66+0.25*Y66 -> -0.60716132
B67: 52 | C67: 52 | E67: =$B$6*B66 -> 0.72857143 | F67: =($B$11/(1-$B$8)^2)*(1-2*$B$8+2*$B$8*E67-E67^2) -> 0.022538265 | G67: =($B$11/(1-$B$8)^2)*(1-2*$B$8+2*$B$8*E67-E67^2)-$B$10*(E67-(1-$B$7)) -> 0.01755161 | H67: =(E68+E67)/2 -> 0.73571429 | I67: =(E68+E67)/2 -> 0.73571429 | J67: =(F68+F67)/2 -> 0.022059949 | K67: =(G68+G67)/2 -> 0.01582663 | L67: =(2*$B$8*$B$11-2*$B$11*H67)/(1-$B$8)^2 -> -0.066964286 | M67: =(2*$B$8*$B$11-2*$B$11*H67)/(1-$B$8)^2-$B$10 -> -0.24149721 | O67: 52 | P67: =-2*PI()*($B$3-L67) -> -0.42074902 | Q67: =-2*PI()*($B$3-M67) -> -1.5173717 | S67: 0.17515163 | T67: 53 | U67: 0.59874105 | W67: =(S67+S68) -> 0.34612873 | Y67: =U67+U68 -> 1.1570985 | AA67: =W67/2 -> 0.17306436 | AC67: =Y67*0.5 -> 0.57854924 | AE67: =-AA67 -> -0.17306436 | AG67: =-AC67 -> -0.57854924 | AI67: =-W67*H68 -> -0.25959655 | AK67: =-Y67*I68 -> -0.86782387 | AN67: =AI67+0.25*W67 -> -0.17306436 | AQ67: =AK67+0.25*Y67 -> -0.57854924
B68: 53 | C68: 53 | E68: =$B$6*B67 -> 0.74285714 | F68: =($B$11/(1-$B$8)^2)*(1-2*$B$8+2*$B$8*E68-E68^2) -> 0.021581633 | G68: =($B$11/(1-$B$8)^2)*(1-2*$B$8+2*$B$8*E68-E68^2)-$B$10*(E68-(1-$B$7)) -> 0.01410165 | H68: =(E69+E68)/2 -> 0.75 | I68: =(E69+E68)/2 -> 0.75 | J68: =(F69+F68)/2 -> 0.021090561 | K68: =(G69+G68)/2 -> 0.012363915 | L68: =(2*$B$8*$B$11-2*$B$11*H68)/(1-$B$8)^2 -> -0.06875 | M68: =(2*$B$8*$B$11-2*$B$11*H68)/(1-$B$8)^2-$B$10 -> -0.24328293 | O68: 53 | P68: =-2*PI()*($B$3-L68) -> -0.43196899 | Q68: =-2*PI()*($B$3-M68) -> -1.5285917 | S68: 0.1709771 | T68: 54 | U68: 0.55835744 | W68: =(S68+S69) -> 0.33761246 | Y68: =U68+U69 -> 1.0828338 | AA68: =W68/2 -> 0.16880623 | AC68: =Y68*0.5 -> 0.54141692 | AE68: =-AA68 -> -0.16880623 | AG68: =-AC68 -> -0.54141692 | AI68: =-W68*H69 -> -0.25803238 | AK68: =-Y68*I69 -> -0.82759443 | AN68: =AI68+0.25*W68 -> -0.17362926 | AQ68: =AK68+0.25*Y68 -> -0.55688597
B69: 54 | C69: 54 | E69: =$B$6*B68 -> 0.75714286 | F69: =($B$11/(1-$B$8)^2)*(1-2*$B$8+2*$B$8*E69-E69^2) -> 0.02059949 | G69: =($B$11/(1-$B$8)^2)*(1-2*$B$8+2*$B$8*E69-E69^2)-$B$10*(E69-(1-$B$7)) -> 0.01062618 | H69: =(E70+E69)/2 -> 0.76428571 | I69: =(E70+E69)/2 -> 0.76428571 | J69: =(F70+F69)/2 -> 0.020095663 | K69: =(G70+G69)/2 -> 0.0088756895 | L69: =(2*$B$8*$B$11-2*$B$11*H69)/(1-$B$8)^2 -> -0.070535714 | M69: =(2*$B$8*$B$11-2*$B$11*H69)/(1-$B$8)^2-$B$10 -> -0.24506864 | O69: 54 | P69: =-2*PI()*($B$3-L69) -> -0.44318896 | Q69: =-2*PI()*($B$3-M69) -> -1.5398117 | S69: 0.16663536 | T69: 55 | U69: 0.5244764 | W69: =(S69+S70) -> 0.32874262 | Y69: =U69+U70 -> 1.0191217 | AA69: =W69/2 -> 0.16437131 | AC69: =Y69*0.5 -> 0.50956083 | AE69: =-AA69 -> -0.16437131 | AG69: =-AC69 -> -0.50956083 | AI69: =-W69*H70 -> -0.25594961 | AK69: =-Y69*I70 -> -0.79345901 | AN69: =AI69+0.25*W69 -> -0.17376396 | AQ69: =AK69+0.25*Y69 -> -0.53867859
B70: 55 | C70: 55 | E70: =$B$6*B69 -> 0.77142857 | F70: =($B$11/(1-$B$8)^2)*(1-2*$B$8+2*$B$8*E70-E70^2) -> 0.019591837 | G70: =($B$11/(1-$B$8)^2)*(1-2*$B$8+2*$B$8*E70-E70^2)-$B$10*(E70-(1-$B$7)) -> 0.0071251992 | H70: =(E71+E70)/2 -> 0.77857143 | I70: =(E71+E70)/2 -> 0.77857143 | J70: =(F71+F70)/2 -> 0.019075255 | K70: =(G71+G70)/2 -> 0.0053619538 | L70: =(2*$B$8*$B$11-2*$B$11*H70)/(1-$B$8)^2 -> -0.072321429 | M70: =(2*$B$8*$B$11-2*$B$11*H70)/(1-$B$8)^2-$B$10 -> -0.24685435 | O70: 55 | P70: =-2*PI()*($B$3-L70) -> -0.45440894 | Q70: =-2*PI()*($B$3-M70) -> -1.5510316 | S70: 0.16210726 | T70: 56 | U70: 0.49464526 | W70: =(S70+S71) -> 0.31947779 | Y70: =U70+U71 -> 0.96212273 | AA70: =W70/2 -> 0.15973889 | AC70: =Y70*0.5 -> 0.48106136 | AE70: =-AA70 -> -0.15973889 | AG70: =-AC70 -> -0.48106136 | AI70: =-W70*H71 -> -0.25330024 | AK70: =-Y70*I71 -> -0.76282588 | AN70: =AI70+0.25*W70 -> -0.1734308 | AQ70: =AK70+0.25*Y70 -> -0.52229519
B71: 56 | C71: 56 | E71: =$B$6*B70 -> 0.78571429 | F71: =($B$11/(1-$B$8)^2)*(1-2*$B$8+2*$B$8*E71-E71^2) -> 0.018558673 | G71: =($B$11/(1-$B$8)^2)*(1-2*$B$8+2*$B$8*E71-E71^2)-$B$10*(E71-(1-$B$7)) -> 0.0035987085 | H71: =(E72+E71)/2 -> 0.79285714 | I71: =(E72+E71)/2 -> 0.79285714 | J71: =(F72+F71)/2 -> 0.018029337 | K71: =(G72+G71)/2 -> 0.001822708 | L71: =(2*$B$8*$B$11-2*$B$11*H71)/(1-$B$8)^2 -> -0.074107143 | M71: =(2*$B$8*$B$11-2*$B$11*H71)/(1-$B$8)^2-$B$10 -> -0.24864007 | O71: 56 | P71: =-2*PI()*($B$3-L71) -> -0.46562891 | Q71: =-2*PI()*($B$3-M71) -> -1.5622516 | S71: 0.15737052 | T71: 57 | U71: 0.46747746 | W71: =(S71+S72) -> 0.30976933 | Y71: =U71+U72 -> 0.90958263 | AA71: =W71/2 -> 0.15488466 | AC71: =Y71*0.5 -> 0.45479132 | AE71: =-AA71 -> -0.15488466 | AG71: =-AC71 -> -0.45479132 | AI71: =-W71*H72 -> -0.2500281 | AK71: =-Y71*I72 -> -0.73416313 | AN71: =AI71+0.25*W71 -> -0.17258577 | AQ71: =AK71+0.25*Y71 -> -0.50676747
B72: 57 | C72: 57 | E72: =$B$6*B71 -> 0.8 | F72: =($B$11/(1-$B$8)^2)*(1-2*$B$8+2*$B$8*E72-E72^2) -> 0.0175 | G72: =($B$11/(1-$B$8)^2)*(1-2*$B$8+2*$B$8*E72-E72^2)-$B$10*(E72-(1-$B$7)) -> 4.670748e-05 | H72: =(E73+E72)/2 -> 0.80714286 | I72: =(E73+E72)/2 -> 0.80714286 | J72: =(F73+F72)/2 -> 0.016957908 | K72: =(G73+G72)/2 -> -0.0017420481 | L72: =(2*$B$8*$B$11-2*$B$11*H72)/(1-$B$8)^2 -> -0.075892857 | M72: =(2*$B$8*$B$11-2*$B$11*H72)/(1-$B$8)^2-$B$10 -> -0.25042578 | O72: 57 | P72: =-2*PI()*($B$3-L72) -> -0.47684888 | Q72: =-2*PI()*($B$3-M72) -> -1.5734716 | S72: 0.1523988 | T72: 58 | U72: 0.44210517 | W72: =(S72+S73) -> 0.29955923 | Y72: =U72+U73 -> 0.86003563 | AA72: =W72/2 -> 0.14977961 | AC72: =Y72*0.5 -> 0.43001782 | AE72: =-AA72 -> -0.14977961 | AG72: =-AC72 -> -0.43001782 | AI72: =-W72*H73 -> -0.24606651 | AK72: =-Y72*I73 -> -0.70645784 | AN72: =AI72+0.25*W72 -> -0.1711767 | AQ72: =AK72+0.25*Y72 -> -0.49144893
B73: 58 | C73: 58 | E73: =$B$6*B72 -> 0.81428571 | F73: =($B$11/(1-$B$8)^2)*(1-2*$B$8+2*$B$8*E73-E73^2) -> 0.016415816 | G73: =($B$11/(1-$B$8)^2)*(1-2*$B$8+2*$B$8*E73-E73^2)-$B$10*(E73-(1-$B$7)) -> -0.0035308037 | H73: =(E74+E73)/2 -> 0.82142857 | I73: =(E74+E73)/2 -> 0.82142857 | J73: =(F74+F73)/2 -> 0.015860969 | K73: =(G74+G73)/2 -> -0.0053323144 | L73: =(2*$B$8*$B$11-2*$B$11*H73)/(1-$B$8)^2 -> -0.077678571 | M73: =(2*$B$8*$B$11-2*$B$11*H73)/(1-$B$8)^2-$B$10 -> -0.2522115 | O73: 58 | P73: =-2*PI()*($B$3-L73) -> -0.48806886 | Q73: =-2*PI()*($B$3-M73) -> -1.5846916 | S73: 0.14716042 | T73: 59 | U73: 0.41793046 | W73: =(S73+S74) -> 0.28877692 | Y73: =U73+U74 -> 0.81243402 | AA73: =W73/2 -> 0.14438846 | AC73: =Y73*0.5 -> 0.40621701 | AE73: =-AA73 -> -0.14438846 | AG73: =-AC73 -> -0.40621701 | AI73: =-W73*H74 -> -0.24133499 | AK73: =-Y73*I74 -> -0.67896272 | AN73: =AI73+0.25*W73 -> -0.16914077 | AQ73: =AK73+0.25*Y73 -> -0.47585421
B74: 59 | C74: 59 | E74: =$B$6*B73 -> 0.82857143 | F74: =($B$11/(1-$B$8)^2)*(1-2*$B$8+2*$B$8*E74-E74^2) -> 0.015306122 | G74: =($B$11/(1-$B$8)^2)*(1-2*$B$8+2*$B$8*E74-E74^2)-$B$10*(E74-(1-$B$7)) -> -0.0071338251 | H74: =(E75+E74)/2 -> 0.83571429 | I74: =(E75+E74)/2 -> 0.83571429 | J74: =(F75+F74)/2 -> 0.01473852 | K74: =(G75+G74)/2 -> -0.0089480909 | L74: =(2*$B$8*$B$11-2*$B$11*H74)/(1-$B$8)^2 -> -0.079464286 | M74: =(2*$B$8*$B$11-2*$B$11*H74)/(1-$B$8)^2-$B$10 -> -0.25399721 | O74: 59 | P74: =-2*PI()*($B$3-L74) -> -0.49928883 | Q74: =-2*PI()*($B$3-M74) -> -1.5959115 | S74: 0.14161649 | T74: 60 | U74: 0.39450356 | W74: =(S74+S75) -> 0.27733466 | Y74: =U74+U75 -> 0.7659577 | AA74: =W74/2 -> 0.13866733 | AC74: =Y74*0.5 -> 0.38297885 | AE74: =-AA74 -> -0.13866733 | AG74: =-AC74 -> -0.38297885 | AI74: =-W74*H75 -> -0.23573446 | AK74: =-Y74*I75 -> -0.65106404 | AN74: =AI74+0.25*W74 -> -0.1664008 | AQ74: =AK74+0.25*Y74 -> -0.45957462
B75: 60 | C75: 60 | E75: =$B$6*B74 -> 0.84285714 | F75: =($B$11/(1-$B$8)^2)*(1-2*$B$8+2*$B$8*E75-E75^2) -> 0.014170918 | G75: =($B$11/(1-$B$8)^2)*(1-2*$B$8+2*$B$8*E75-E75^2)-$B$10*(E75-(1-$B$7)) -> -0.010762357 | H75: =(E76+E75)/2 -> 0.85 | I75: =(E76+E75)/2 -> 0.85 | J75: =(F76+F75)/2 -> 0.013590561 | K75: =(G76+G75)/2 -> -0.012589378 | L75: =(2*$B$8*$B$11-2*$B$11*H75)/(1-$B$8)^2 -> -0.08125 | M75: =(2*$B$8*$B$11-2*$B$11*H75)/(1-$B$8)^2-$B$10 -> -0.25578293 | O75: 60 | P75: =-2*PI()*($B$3-L75) -> -0.51050881 | Q75: =-2*PI()*($B$3-M75) -> -1.6071315 | S75: 0.13571817 | T75: 61 | U75: 0.37145413 | W75: =(S75+S76) -> 0.26512062 | Y75: =U75+U76 -> 0.71990005 | AA75: =W75/2 -> 0.13256031 | AC75: =Y75*0.5 -> 0.35995002 | AE75: =-AA75 -> -0.13256031 | AG75: =-AC75 -> -0.35995002 | AI75: =-W75*H76 -> -0.22913997 | AK75: =-Y75*I76 -> -0.62219933 | AN75: =AI75+0.25*W75 -> -0.16285981 | AQ75: =AK75+0.25*Y75 -> -0.44222432
B76: 61 | C76: 61 | E76: =$B$6*B75 -> 0.85714286 | F76: =($B$11/(1-$B$8)^2)*(1-2*$B$8+2*$B$8*E76-E76^2) -> 0.013010204 | G76: =($B$11/(1-$B$8)^2)*(1-2*$B$8+2*$B$8*E76-E76^2)-$B$10*(E76-(1-$B$7)) -> -0.014416398 | H76: =(E77+E76)/2 -> 0.86428571 | I76: =(E77+E76)/2 -> 0.86428571 | J76: =(F77+F76)/2 -> 0.012417092 | K76: =(G77+G76)/2 -> -0.016256174 | L76: =(2*$B$8*$B$11-2*$B$11*H76)/(1-$B$8)^2 -> -0.083035714 | M76: =(2*$B$8*$B$11-2*$B$11*H76)/(1-$B$8)^2-$B$10 -> -0.25756864 | O76: 61 | P76: =-2*PI()*($B$3-L76) -> -0.52172878 | Q76: =-2*PI()*($B$3-M76) -> -1.6183515 | S76: 0.12940245 | T76: 62 | U76: 0.34844591 | W76: =(S76+S77) -> 0.25198787 | Y76: =U76+U77 -> 0.67358515 | AA76: =W76/2 -> 0.12599394 | AC76: =Y76*0.5 -> 0.33679257 | AE76: =-AA76 -> -0.12599394 | AG76: =-AC76 -> -0.33679257 | AI76: =-W76*H77 -> -0.22138935 | AK76: =-Y76*I77 -> -0.59179267 | AN76: =AI76+0.25*W76 -> -0.15839238 | AQ76: =AK76+0.25*Y76 -> -0.42339638
... B84: 69 | C84: 69 | E84: =$B$6*B83 -> 0.97142857 | F84: =($B$11/(1-$B$8)^2)*(1-2*$B$8+2*$B$8*E84-E84^2) -> 0.0028061224 | G84: =($B$11/(1-$B$8)^2)*(1-2*$B$8+2*$B$8*E84-E84^2)-$B$10*(E84-(1-$B$7)) -> -0.0445671 | H84: =(E85+E84)/2 -> 0.97857143 | I84: =(E85+E84)/2 -> 0.97857143 | J84: =(F85+F84)/2 -> 0.0021109694 | K84: =(G85+G84)/2 -> -0.046508917 | L84: =(2*$B$8*$B$11-2*$B$11*H84)/(1-$B$8)^2 -> -0.097321429 | M84: =(2*$B$8*$B$11-2*$B$11*H84)/(1-$B$8)^2-$B$10 -> -0.27185435 | O84: 69 | P84: =-2*PI()*($B$3-L84) -> -0.61148857 | Q84: =-2*PI()*($B$3-M84) -> -1.7081113 | S84: 0.00038859803 | T84: 70 | U84: 0.00094793322 | W84: =(S84+S85) -> 0.00038859803 | Y84: =U84+U85 -> 0.00094793322 | AA84: =W84/2 -> 0.00019429902 | AC84: =Y84*0.5 -> 0.00047396661 | AE84: =-AA84 -> -0.00019429902 | AG84: =-AC84 -> -0.00047396661 | AI84: =-W84*H85 -> -0.00038582233 | AK84: =-Y84*I85 -> -0.00094116227 | AN84: =AI84+0.25*W84 -> -0.00028867283 | AQ84: =AK84+0.25*Y84 -> -0.00070417896
B85: 70 | C85: 70 | E85: =$B$6*B84 -> 0.98571429 | F85: =($B$11/(1-$B$8)^2)*(1-2*$B$8+2*$B$8*E85-E85^2) -> 0.0014158163 | G85: =($B$11/(1-$B$8)^2)*(1-2*$B$8+2*$B$8*E85-E85^2)-$B$10*(E85-(1-$B$7)) -> -0.048450734 | H85: =(E86+E85)/2 -> 0.99285714 | I85: =(E86+E85)/2 -> 0.99285714 | J85: =(F86+F85)/2 -> 0.00070790816 | K85: =(G86+G85)/2 -> -0.050405306 | L85: =(2*$B$8*$B$11-2*$B$11*H85)/(1-$B$8)^2 -> -0.099107143 | M85: =(2*$B$8*$B$11-2*$B$11*H85)/(1-$B$8)^2-$B$10 -> -0.27364007 | O85: 70 | P85: =-2*PI()*($B$3-L85) -> -0.62270854 | Q85: =-2*PI()*($B$3-M85) -> -1.7193313 | AS85: Xcp sin alerón | AU85: Xcp con alerón
B86: 71 | C86: 71 | E86: =$B$6*B85 -> 1 | F86: =($B$11/(1-$B$8)^2)*(1-2*$B$8+2*$B$8*E86-E86^2) -> 0 | G86: =($B$11/(1-$B$8)^2)*(1-2*$B$8+2*$B$8*E86-E86^2)-$B$10*(E86-(1-$B$7)) -> -0.052359878 | H86: =(E87+E86)/2 -> 0.5 | I86: =(E87+E86)/2 -> 0.5 | J86: =(F87+F86)/2 -> 0 | K86: =(G87+G86)/2 -> -0.026179939 | L86: =(2*$B$8*$B$11-2*$B$11*H86)/(1-$B$8)^2 -> -0.0375 | M86: =(2*$B$8*$B$11-2*$B$11*H86)/(1-$B$8)^2-$B$10 -> -0.21203293
U87: Cl_total | W87: =SUM(W15:W84)*B6 -> 0.4351166 | Y87: =SUM(Y15:Y84)*B6 -> 1.218077 | AF87: Cmiba_total | AI87: =SUM(AI15:AI84)*B6 -> -0.18656453 | AK87: =SUM(AK15:AK84)*B6 -> -0.50024192 | AM87: Cm0,25 | AN87: =SUM(AN15:AN84)*B6 -> -0.077785377 | AQ87: =SUM(AQ15:AQ84)*B6 -> -0.19572267 | AS87: =-AI87/W87 -> 0.42876904 | AU87: =-AK87/Y87 -> 0.41068169
A89: SI SE MODIFICA EL VALOR DE LA CURVATURA HAY QUE MODIFICAR EL EJE Y DE ESTAS DOS GRÁFICAS -- CLICK DERECHO SOBRE LOS DATOS DEL EJE Y -- DAR FORMATO AL EJE, Y AMPLIAR O REDUCIR EL VALOR NUMÉRICO SEGÚN INTERESE
A90: MISMA HISTORIA PARA EL RESTO DE GRÁFICAS SIEMPRE Y CUANDO LAS CURVAS SE SALGAN DEL ÁREA MARCADA POR EL INTERVALOR NUMÉRICO DEL EJE QUE CORRESPONDA.
A96: I

Sheet N70_DESARROLLO
AL6: Con -1 sale bastante preciso | CA6: MATRIZ A
FD7: Matriz A invertida
F8: 1 | G8: 2 | H8: 3 | I8: 4 | J8: 5 | K8: 6 | L8: 7 | M8: 8 | N8: 9 | O8: 10 | P8: 11 | Q8: 12 | R8: 13 | S8: 14 | T8: 15 | U8: 16 | V8: 17 | W8: 18 | X8: 19 | Y8: 20 | Z8: 21 | AA8: 22 | AB8: 23 | AC8: 24 | AD8: 25 | AE8: 26 | AF8: 27 | AG8: 28 | AH8: 29 | AI8: 30 | AJ8: 31 | AK8: 32 | AL8: 33 | AM8: 34 | AN8: 35 | AO8: 36 | AP8: 37 | AQ8: 38 | AR8: 39 | AS8: 40 | AT8: 41 | AU8: 42 | AV8: 43 | AW8: 44 | AX8: 45 | AY8: 46 | AZ8: 47 | BA8: 48 | BB8: 49 | BC8: 50 | BD8: 51 | BE8: 52 | BF8: 53 | BG8: 54 | BH8: 55 | BI8: 56 | BJ8: 57 | BK8: 58 | BL8: 59 | BM8: 60 | BN8: 61 | BO8: 62 | BP8: 63 | BQ8: 64 | BR8: 65 | BS8: 66 | BT8: 67 | BU8: 68 | BV8: 69 | BW8: 70 | CA8: 1 | CB8: 2 | CC8: 3 | CD8: 4 | CE8: 5 | CF8: 6 | CG8: 7 | CH8: 8 | CI8: 9 | CJ8: 10 | CK8: 11 | CL8: 12 | CM8: 13 | CN8: 14 | CO8: 15 | CP8: 16 | CQ8: 17 | CR8: 18 | CS8: 19 | CT8: 20 | CU8: 21 | CV8: 22 | CW8: 23 | CX8: 24 | CY8: 25 | CZ8: 26 | DA8: 27 | DB8: 28 | DC8: 29 | DD8: 30 | DE8: 31 | DF8: 32 | DG8: 33 | DH8: 34 | DI8: 35 | DJ8: 36 | DK8: 37 | DL8: 38 | DM8: 39 | DN8: 40 | DO8: 41 | DP8: 42 | DQ8: 43 | DR8: 44 | DS8: 45 | DT8: 46 | DU8: 47 | DV8: 48 | DW8: 49 | DX8: 50 | DY8: 51 | DZ8: 52 | EA8: 53 | EB8: 54 | EC8: 55 | ED8: 56 | EE8: 57 | EF8: 58 | EG8: 59 | EH8: 60 | EI8: 61 | EJ8: 62 | EK8: 63 | EL8: 64 | EM8: 65 | EN8: 66 | EO8: 67 | EP8: 68 | EQ8: 69 | ER8: 70
E9: lj | F9: r(i,j) | G9: r(i,j) | H9: r(i,j) | I9: r(i,j) | J9: r(i,j) | K9: r(i,j) | L9: r(i,j) | M9: r(i,j) | N9: r(i,j) | O9: r(i,j) | P9: r(i,j) | Q9: r(i,j) | R9: r(i,j) | S9: r(i,j) | T9: r(i,j) | U9: r(i,j) | V9: r(i,j) | W9: r(i,j) | X9: r(i,j) | Y9: r(i,j) | Z9: r(i,j) | AA9: r(i,j) | AB9: r(i,j) | AC9: r(i,j) | AD9: r(i,j) | AE9: r(i,j) | AF9: r(i,j) | AG9: r(i,j) | AH9: r(i,j) | AI9: r(i,j) | AJ9: r(i,j) | AK9: r(i,j) | FD9: 1 | FE9: 2 | FF9: 3 | FG9: 4 | FH9: 5 | FI9: 6 | FJ9: 7 | FK9: 8 | FL9: 9 | FM9: 10 | FN9: 11 | FO9: 12 | FP9: 13 | FQ9: 14 | FR9: 15 | FS9: 16 | FT9: 17 | FU9: 18 | FV9: 19 | FW9: 20 | FX9: 21 | FY9: 22 | FZ9: 23 | GA9: 24 | GB9: 25 | GC9: 26 | GD9: 27 | GE9: 28 | GF9: 29 | GG9: 30 | GH9: 31 | GI9: 32 | GJ9: 33 | GK9: 34 | GL9: 35 | GM9: 36 | GN9: 37 | GO9: 38 | GP9: 39 | GQ9: 40 | GR9: 41 | GS9: 42 | GT9: 43 | GU9: 44 | GV9: 45 | GW9: 46 | GX9: 47 | GY9: 48 | GZ9: 49 | HA9: 50 | HB9: 51 | HC9: 52 | HD9: 53 | HE9: 54 | HF9: 55 | HG9: 56 | HH9: 57 | HI9: 58 | HJ9: 59 | HK9: 60 | HL9: 61 | HM9: 62 | HN9: 63 | HO9: 64 | HP9: 65 | HQ9: 66 | HR9: 67 | HS9: 68 | HT9: 69 | HU9: 70
D10: 1 | E10: ='N70'!E17-'N70'!E16 -> 0.014285714 | F10: ='N70'!H16-'N70'!E16 -> 0.0071428571 | G10: ='N70'!H16-'N70'!E17 -> -0.0071428571 | H10: ='N70'!H16-'N70'!E18 -> -0.021428571 | I10: ='N70'!H16-'N70'!E19 -> -0.035714286 | J10: ='N70'!H16-'N70'!E20 -> -0.05 | K10: ='N70'!H16-'N70'!E21 -> -0.064285714 | L10: ='N70'!H16-'N70'!E22 -> -0.078571429 | M10: ='N70'!H16-'N70'!E23 -> -0.092857143 | N10: ='N70'!H16-'N70'!E24 -> -0.10714286 | O10: ='N70'!H16-'N70'!E25 -> -0.12142857 | P10: ='N70'!H16-'N70'!E26 -> -0.13571429 | Q10: ='N70'!H16-'N70'!E27 -> -0.15 | R10: ='N70'!H16-'N70'!E28 -> -0.16428571 | S10: ='N70'!H16-'N70'!E29 -> -0.17857143 | T10: ='N70'!H16-'N70'!E30 -> -0.19285714 | U10: ='N70'!H16-'N70'!E31 -> -0.20714286 | V10: ='N70'!H16-'N70'!E32 -> -0.22142857 | W10: ='N70'!H16-'N70'!E33 -> -0.23571429 | X10: ='N70'!H16-'N70'!E34 -> -0.25 | Y10: ='N70'!H16-'N70'!E35 -> -0.26428571 | Z10: ='N70'!H16-'N70'!E36 -> -0.27857143 | AA10: ='N70'!H16-'N70'!E37 -> -0.29285714 | AB10: ='N70'!H16-'N70'!E38 -> -0.30714286 | AC10: ='N70'!H16-'N70'!E39 -> -0.32142857 | AD10: ='N70'!H16-'N70'!E40 -> -0.33571429 | AE10: ='N70'!H16-'N70'!E41 -> -0.35 | AF10: ='N70'!H16-'N70'!E42 -> -0.36428571 | AG10: ='N70'!H16-'N70'!E43 -> -0.37857143 | AH10: ='N70'!H16-'N70'!E44 -> -0.39285714 | AI10: ='N70'!H16-'N70'!E45 -> -0.40714286 | AJ10: ='N70'!H16-'N70'!E46 -> -0.42142857 | AK10: ='N70'!H16-'N70'!E47 -> -0.43571429 | AL10: ='N70'!H16-'N70'!$E$48 -> -0.45 | AM10: ='N70'!H16-'N70'!$E$49 -> -0.46428571 | AN10: ='N70'!H16-'N70'!$E$50 -> -0.47857143 | AO10: ='N70'!H16-'N70'!$E$51 -> -0.49285714 | AP10: ='N70'!H16-'N70'!$E$52 -> -0.50714286 | AQ10: ='N70'!H16-'N70'!$E$53 -> -0.52142857 | AR10: ='N70'!H16-'N70'!$E$54 -> -0.53571429 | AS10: ='N70'!H16-'N70'!$E$55 -> -0.55 | AT10: ='N70'!H16-'N70'!$E$56 -> -0.56428571 | AU10: ='N70'!H16-'N70'!$E$57 -> -0.57857143 | AV10: ='N70'!H16-'N70'!$E$58 -> -0.59285714 | AW10: ='N70'!H16-'N70'!$E$59 -> -0.60714286 | AX10: ='N70'!H16-'N70'!$E$60 -> -0.62142857 | AY10: ='N70'!H16-'N70'!$E$61 -> -0.63571429 | AZ10: ='N70'!H16-'N70'!$E$62 -> -0.65 | BA10: ='N70'!H16-'N70'!$E$63 -> -0.66428571 | BB10: ='N70'!H16-'N70'!$E$64 -> -0.67857143 | BC10: ='N70'!H16-'N70'!$E$65 -> -0.69285714 | BD10: ='N70'!H16-'N70'!$E$66 -> -0.70714286 | BE10: ='N70'!H16-'N70'!$E$67 -> -0.72142857 | BF10: ='N70'!H16-'N70'!$E$68 -> -0.73571429 | BG10: ='N70'!H16-'N70'!$E$69 -> -0.75 | BH10: ='N70'!H16-'N70'!$E$70 -> -0.76428571 | BI10: ='N70'!H16-'N70'!$E$71 -> -0.77857143 | BJ10: ='N70'!H16-'N70'!$E$72 -> -0.79285714 | BK10: ='N70'!H16-'N70'!$E$73 -> -0.80714286 | BL10: ='N70'!H16-'N70'!$E$74 -> -0.82142857 | BM10: ='N70'!H16-'N70'!$E$75 -> -0.83571429 | BN10: ='N70'!H16-'N70'!$E$76 -> -0.85 | BO10: ='N70'!H16-'N70'!$E$77 -> -0.86428571 | BP10: ='N70'!H16-'N70'!$E$78 -> -0.87857143 | BQ10: ='N70'!H16-'N70'!$E$79 -> -0.89285714 | BR10: ='N70'!H16-'N70'!$E$80 -> -0.90714286 | BS10: ='N70'!H16-'N70'!$E$81 -> -0.92142857 | BT10: ='N70'!H16-'N70'!$E$82 -> -0.93571429 | BU10: ='N70'!H16-'N70'!$E$83 -> -0.95 | BV10: ='N70'!H16-'N70'!$E$84 -> -0.96428571 | BW10: ='N70'!H16-'N70'!$E$85 -> -0.97857143 | BX10: -1 | BZ10: 1 | CA10: =N70_DESARROLLO!CE95+N70_DESARROLLO!H95 -> -1 | CB10: =N70_DESARROLLO!CF95+N70_DESARROLLO!I95 -> 1.6479185 | CC10: =N70_DESARROLLO!CG95+N70_DESARROLLO!J95 -> 0.72775793 | CD10: =N70_DESARROLLO!CH95+N70_DESARROLLO!K95 -> 0.4114144 | CE10: =N70_DESARROLLO!CI95+N70_DESARROLLO!L95 -> 0.28973434 | CF10: =N70_DESARROLLO!CJ95+N70_DESARROLLO!M95 -> 0.22408833 | CG10: =N70_DESARROLLO!CK95+N70_DESARROLLO!N95 -> 0.18283342 | CH10: =N70_DESARROLLO!CL95+N70_DESARROLLO!O95 -> 0.15445886 | ... ER10: =N70_DESARROLLO!EV95+N70_DESARROLLO!BY95 -> 0.52363984 | FC10: 1 | FD10: {=MINVERSE(CA10:ER79)} -> -0.63103513 | FE10: -0.27099054 | FF10: -0.21841864 | FG10: -0.18430772 | FH10: -0.16311914 | FI10: -0.14821994 | FJ10: -0.13707989 | FK10: -0.12837924 | FL10: -0.12136709 | FM10: -0.1155805 | FN10: -0.11071685 | FO10: -0.10656905 | FP10: -0.10299007 | FQ10: -0.099872336 | FR10: -0.097135134 | FS10: -0.09471661 | FT10: -0.092568498 | FU10: -0.090652549 | FV10: -0.088938042 | FW10: -0.087400012 | FX10: -0.086017966 | FY10: -0.084774938 | FZ10: -0.083656772 | GA10: -0.082651587 | GB10: -0.081749357 | GC10: -0.080941588 | GD10: -0.080221065 | GE10: -0.079581648 | GF10: -0.079018113 | GG10: -0.078526025 | GH10: -0.078101627 | GI10: -0.077741767 | GJ10: -0.077443818 | GK10: -0.077205634 | GL10: -0.0770255 | GM10: -0.0769021 | GN10: -0.07683449 | GO10: -0.076822076 | GP10: -0.076864604 | GQ10: -0.076962144 | GR10: -0.077115092 | GS10: -0.077324167 | GT10: -0.077590412 | GU10: -0.077915203 | GV10: -0.078300256 | GW10: -0.078747639 | GX10: -0.079259775 | GY10: -0.079839457 | GZ10: -0.080489841 | HA10: -0.081214431 | HB10: -0.082017046 | HC10: -0.082901728 | HD10: -0.083872597 | HE10: -0.084933565 | HF10: -0.086087855 | HG10: -0.087337149 | HH10: -0.088680111 | HI10: -0.090109771 | HJ10: -0.091608828 | HK10: -0.093140942 | HL10: -0.09463404 | HM10: -0.095946744 | HN10: -0.096796728 | HO10: -0.096596457 | HP10: -0.094021383 | HQ10: -0.085974693 | HR10: -0.060015925 | HS10: -0.026777284 | HT10: 1.0427258 | HU10: -2.9345416
